date,open,high,low,close,volume,adjusted_close
2021-01-04,85.65,85.83,84.99,85.41,7786868,85.41
2021-01-05,86.62,86.78,86.0,86.39,5421910,86.39
2021-01-06,85.13,86.25,84.93,85.59,2710325,85.59
2021-01-07,86.22,87.09,85.61,86.35,6578191,86.35
2021-01-08,86.71,87.98,86.14,87.06,5583781,87.06
2021-01-11,85.9,87.52,85.68,86.6,7326082,86.6
2021-01-12,86.14,86.42,85.16,85.79,4344468,85.79
2021-01-13,87.88,89.07,87.55,88.31,1506892,88.31
2021-01-14,87.76,88.79,87.61,88.2,7680403,88.2
2021-01-15,86.12,86.72,84.96,85.84,6406376,85.84
2021-01-19,85.59,86.14,85.44,85.79,7421851,85.79
2021-01-20,84.61,86.0,84.46,85.23,8411600,85.23
2021-01-21,88.13,88.63,87.89,88.26,2493303,88.26
2021-01-22,86.51,86.78,85.94,86.36,9826218,86.36
2021-01-25,87.87,88.34,87.36,87.85,9648282,87.85
2021-01-26,87.64,88.39,86.57,87.48,9700129,87.48
2021-01-27,86.53,86.68,85.8,86.24,8226873,86.24
2021-01-28,88.22,88.93,88.01,88.47,1599773,88.47
2021-01-29,85.39,86.22,84.74,85.48,4214594,85.48
2021-02-01,86.15,86.65,85.59,86.12,2566443,86.12
2021-02-02,84.75,86.0,84.48,85.24,9353448,85.24
2021-02-03,85.54,85.78,85.04,85.41,3464457,85.41
2021-02-04,85.71,86.81,85.01,85.91,8904029,85.91
2021-02-05,87.88,88.23,86.69,87.46,5880947,87.46
2021-02-08,86.24,87.61,85.73,86.67,5957537,86.67
2021-02-09,87.42,87.77,86.55,87.16,2328461,87.16
2021-02-10,87.04,87.19,86.29,86.74,4318873,86.74
2021-02-11,87.13,88.44,86.9,87.67,4193845,87.67
2021-02-12,88.32,89.43,87.99,88.71,8682333,88.71
2021-02-16,89.31,89.47,88.45,88.96,4693834,88.96
2021-02-17,86.14,86.79,85.79,86.29,8942985,86.29
2021-02-18,86.32,86.9,85.32,86.11,1873253,86.11
2021-02-19,88.47,88.79,87.01,87.9,6149272,87.9
2021-02-22,88.34,89.18,87.76,88.47,9562431,88.47
2021-02-23,89.83,90.11,88.47,89.29,9576553,89.29
2021-02-24,85.57,86.18,84.88,85.53,8388923,85.53
2021-02-25,87.92,88.36,86.46,87.41,1692387,87.41
2021-02-26,89.94,90.1,89.28,89.69,5702711,89.69
2021-03-01,89.32,90.0,88.3,89.15,7048210,89.15
2021-03-02,87.92,88.41,87.67,88.04,7438504,88.04
2021-03-03,89.24,90.19,89.05,89.62,9916647,89.62
2021-03-04,89.53,90.38,89.3,89.84,8812491,89.84
2021-03-05,88.72,89.36,88.64,89.0,4583601,89.0
2021-03-08,86.99,87.55,85.95,86.75,9125655,86.75
2021-03-09,88.24,88.59,87.57,88.08,7305736,88.08
2021-03-10,87.6,88.21,87.33,87.77,3664821,87.77
2021-03-11,87.89,88.58,86.82,87.7,9921171,87.7
2021-03-12,88.31,89.02,87.48,88.25,9016444,88.25
2021-03-15,90.24,90.6,89.32,89.96,3727262,89.96
2021-03-16,89.02,89.73,87.95,88.84,4057570,88.84
2021-03-17,87.18,87.82,87.06,87.44,5161606,87.44
2021-03-18,87.37,88.22,87.0,87.61,7611060,87.61
2021-03-19,85.89,86.69,85.29,85.99,2888833,85.99
2021-03-22,87.69,88.1,87.32,87.71,1513158,87.71
2021-03-23,89.33,90.13,89.17,89.65,9219527,89.65
2021-03-24,88.8,89.22,88.02,88.62,5114055,88.62
2021-03-25,88.01,88.51,86.95,87.73,6607098,87.73
2021-03-26,89.88,90.67,88.69,89.68,5448290,89.68
2021-03-29,90.25,90.64,88.76,89.7,8479829,89.7
2021-03-30,89.78,90.21,89.27,89.74,6624524,89.74
2021-03-31,86.96,88.52,86.6,87.56,8767689,87.56
2021-04-01,88.81,90.03,88.09,89.06,2800987,89.06
2021-04-05,88.44,89.63,88.29,88.96,4225121,88.96
2021-04-06,86.67,86.89,85.97,86.43,9290226,86.43
2021-04-07,87.86,88.85,87.63,88.24,7915609,88.24
2021-04-08,87.54,88.16,86.82,87.49,5006924,87.49
2021-04-09,86.85,87.47,86.13,86.8,4980124,86.8
2021-04-12,88.65,89.18,87.22,88.2,9050543,88.2
2021-04-13,87.04,88.26,86.38,87.32,9416185,87.32
2021-04-14,90.54,91.21,89.99,90.6,2560755,90.6
2021-04-15,87.99,88.15,86.95,87.55,6264557,87.55
2021-04-16,90.22,90.95,89.83,90.39,9284745,90.39
2021-04-19,88.8,89.01,88.29,88.65,9956701,88.65
2021-04-20,87.68,88.46,86.76,87.61,7003164,87.61
2021-04-21,89.94,90.77,89.45,90.11,6381467,90.11
2021-04-22,87.59,87.74,86.84,87.29,8622073,87.29
2021-04-23,89.97,90.12,88.88,89.5,1702158,89.5
2021-04-26,86.43,88.14,86.22,87.18,6935441,87.18
2021-04-27,87.64,88.66,86.66,87.66,6016599,87.66
2021-04-28,87.8,88.59,87.13,87.86,6304836,87.86
2021-04-29,88.09,88.26,86.98,87.62,3531917,87.62
2021-04-30,89.56,90.29,89.15,89.72,9461146,89.72
2021-05-03,89.27,90.53,88.87,89.7,4404254,89.7
2021-05-04,90.02,90.75,89.45,90.1,4981714,90.1
2021-05-05,91.75,92.13,90.21,91.17,5741430,91.17
2021-05-06,88.71,89.67,88.23,88.95,4214583,88.95
2021-05-07,88.42,89.26,87.7,88.48,4138196,88.48
2021-05-10,90.72,91.36,90.24,90.8,4482993,90.8
2021-05-11,90.81,91.41,90.25,90.83,9240998,90.83
2021-05-12,91.59,91.9,90.78,91.34,9808942,91.34
2021-05-13,88.11,88.87,87.25,88.06,2073403,88.06
2021-05-14,89.24,90.34,88.56,89.45,7636268,89.45
2021-05-17,88.16,89.29,87.89,88.59,8820729,88.59
2021-05-18,89.89,90.74,89.3,90.02,2699231,90.02
2021-05-19,87.25,88.27,86.91,87.59,9586575,87.59
2021-05-20,90.74,91.0,90.08,90.54,7104622,90.54
2021-05-21,88.63,89.17,87.97,88.57,7107005,88.57
2021-05-24,88.53,88.77,86.77,87.77,6387598,87.77
2021-05-25,91.01,91.63,89.75,90.69,7423977,90.69
2021-05-26,90.22,91.12,89.56,90.34,3881392,90.34
2021-05-27,91.46,92.16,90.42,91.29,9131410,91.29
2021-05-28,90.21,90.98,89.94,90.46,4879936,90.46
2021-06-01,91.63,91.99,91.25,91.62,8190601,91.62
2021-06-02,87.61,88.62,86.84,87.73,5711473,87.73
2021-06-03,88.39,89.12,87.38,88.25,7275568,88.25
2021-06-04,89.69,90.15,88.43,89.29,2607663,89.29
2021-06-07,91.6,92.65,91.19,91.92,5103778,91.92
2021-06-08,88.37,89.9,88.04,88.97,5740328,88.97
2021-06-09,89.42,89.71,88.61,89.16,7254944,89.16
2021-06-10,90.86,92.02,90.12,91.07,6878029,91.07
2021-06-11,91.96,92.31,90.57,91.44,6082710,91.44
2021-06-14,91.71,92.83,91.31,92.07,8725136,92.07
2021-06-15,91.53,92.42,91.32,91.87,6883689,91.87
2021-06-16,90.05,91.06,89.6,90.33,8748981,90.33
2021-06-17,92.62,93.28,91.28,92.28,3903337,92.28
2021-06-18,92.4,93.26,91.26,92.26,9825087,92.26
2021-06-21,88.95,89.14,88.38,88.76,2092305,88.76
2021-06-22,89.29,89.39,88.51,88.95,4895919,88.95
2021-06-23,87.54,88.95,87.35,88.15,4034002,88.15
2021-06-24,88.33,89.99,87.97,88.98,5325848,88.98
2021-06-25,90.3,91.8,90.02,90.91,9440166,90.91
2021-06-28,91.85,92.58,90.62,91.6,9715733,91.6
2021-06-29,90.66,91.97,90.17,91.07,1661217,91.07
2021-06-30,88.49,89.02,87.46,88.24,9135496,88.24
2021-07-01,90.8,91.04,90.2,90.62,8372062,90.62
2021-07-02,89.35,89.57,88.29,88.93,4871513,88.93
2021-07-06,89.83,90.53,89.55,90.04,7061379,90.04
2021-07-07,89.27,89.61,88.83,89.22,1521007,89.22
2021-07-08,89.15,90.18,88.24,89.21,4133637,89.21
2021-07-09,88.83,89.77,88.15,88.96,3090752,88.96
2021-07-12,88.43,89.18,88.16,88.67,6926336,88.67
2021-07-13,92.48,92.9,91.08,91.99,4828067,91.99
2021-07-14,90.7,91.61,89.93,90.77,3461556,90.77
2021-07-15,88.12,89.12,87.88,88.5,3044809,88.5
2021-07-16,92.16,92.33,90.99,91.66,6754317,91.66
2021-07-19,91.69,92.19,91.19,91.69,4929080,91.69
2021-07-20,92.97,93.12,92.26,92.69,6499912,92.69
2021-07-21,89.4,90.03,88.93,89.48,9811793,89.48
2021-07-22,89.65,89.97,87.97,88.97,5388794,88.97
2021-07-23,91.8,92.38,90.8,91.59,6510293,91.59
2021-07-26,91.38,92.67,91.17,91.92,6810484,91.92
2021-07-27,93.07,93.66,91.62,92.64,4372141,92.64
2021-07-28,89.18,90.25,88.91,89.58,5540970,89.58
2021-07-29,89.05,89.82,87.98,88.9,5988128,88.9
2021-07-30,91.44,92.17,91.25,91.71,6534971,91.71
2021-08-02,93.5,94.23,92.13,93.18,7969895,93.18
2021-08-03,89.9,90.46,89.62,90.04,9393063,90.04
2021-08-04,91.54,91.83,90.47,91.15,2696069,91.15
2021-08-05,90.93,91.21,89.65,90.43,8695992,90.43
2021-08-06,89.32,89.69,88.81,89.25,4341168,89.25
2021-08-09,89.85,90.04,88.54,89.29,6990237,89.29
2021-08-10,89.83,90.89,89.51,90.2,5592173,90.2
2021-08-11,93.47,94.17,92.75,93.46,2034921,93.46
2021-08-12,92.09,92.67,91.07,91.87,6680694,91.87
2021-08-13,92.11,93.01,91.05,92.03,7247084,92.03
2021-08-16,94.23,94.55,92.75,93.65,4775512,93.65
2021-08-17,91.38,92.01,90.87,91.44,8256995,91.44
2021-08-18,93.86,94.0,93.24,93.62,4162951,93.62
2021-08-19,93.16,93.29,92.29,92.79,4276477,92.79
2021-08-20,91.43,91.68,89.9,90.79,8093916,90.79
2021-08-23,89.73,90.25,89.01,89.63,5349808,89.63
2021-08-24,93.88,94.77,92.87,93.82,7008923,93.82
2021-08-25,93.17,93.77,92.73,93.25,7388432,93.25
2021-08-26,90.05,90.86,89.38,90.12,7890035,90.12
2021-08-27,91.56,92.5,90.46,91.48,5538844,91.48
2021-08-30,89.9,90.41,88.81,89.61,9198698,89.61
2021-08-31,93.64,94.29,92.59,93.44,2186452,93.44
2021-09-01,91.91,92.2,91.44,91.82,8192852,91.82
2021-09-02,91.26,92.03,90.01,91.02,5652292,91.02
2021-09-03,93.12,93.71,92.49,93.1,9787402,93.1
2021-09-07,91.65,92.15,91.31,91.73,9451311,91.73
2021-09-08,93.23,94.46,92.54,93.5,8459226,93.5
2021-09-09,92.21,92.87,90.87,91.87,8636537,91.87
2021-09-10,90.79,91.0,90.26,90.63,6209902,90.63
2021-09-13,90.07,90.7,89.82,90.26,4581618,90.26
2021-09-14,91.61,93.16,91.38,92.27,8870563,92.27
2021-09-15,91.2,92.84,91.0,91.92,2703921,91.92
2021-09-16,91.36,92.65,90.69,91.67,2639784,91.67
2021-09-17,91.38,91.67,89.63,90.65,3157596,90.65
2021-09-20,91.23,91.45,89.85,90.65,3469996,90.65
2021-09-21,93.69,95.12,93.48,94.3,5210243,94.3
2021-09-22,90.32,90.69,89.21,89.95,7550385,89.95
2021-09-23,91.81,93.38,91.46,92.42,2943928,92.42
2021-09-24,92.62,93.93,92.41,93.17,1817684,93.17
2021-09-27,90.36,91.36,89.5,90.43,8284676,90.43
2021-09-28,90.12,90.92,89.42,90.17,5611637,90.17
2021-09-29,90.03,90.92,89.68,90.3,4798258,90.3
2021-09-30,90.6,91.24,89.84,90.54,2113324,90.54
2021-10-01,92.42,93.08,91.3,92.19,6551413,92.19
2021-10-04,91.79,92.61,91.61,92.11,4163528,92.11
2021-10-05,93.74,94.44,93.04,93.74,2557320,93.74
2021-10-06,93.27,94.71,92.79,93.75,7796575,93.75
2021-10-07,93.15,93.59,92.21,92.9,1830618,92.9
2021-10-08,92.78,93.41,91.61,92.51,7924215,92.51
2021-10-11,91.12,91.32,90.54,90.93,6212305,90.93
2021-10-12,93.87,94.56,93.3,93.93,2939955,93.93
2021-10-13,91.48,91.75,90.83,91.29,2542621,91.29
2021-10-14,93.01,93.38,92.32,92.85,2114135,92.85
2021-10-15,90.81,91.03,90.05,90.54,9889028,90.54
2021-10-18,95.22,95.5,93.66,94.58,9215915,94.58
2021-10-19,92.27,93.59,91.75,92.67,7668418,92.67
2021-10-20,91.5,91.72,90.62,91.17,7422390,91.17
2021-10-21,94.39,94.61,93.59,94.1,2263028,94.1
2021-10-22,94.75,95.16,94.26,94.71,6218765,94.71
2021-10-25,94.32,94.46,93.46,93.96,7525676,93.96
2021-10-26,94.97,95.29,94.13,94.71,3739742,94.71
2021-10-27,92.61,94.31,92.29,93.3,2451286,93.3
2021-10-28,93.07,93.99,91.89,92.94,4914046,92.94
2021-10-29,94.59,95.62,94.08,94.85,3555783,94.85
2021-11-01,92.48,93.44,92.24,92.84,7532250,92.84
2021-11-02,94.19,94.35,93.39,93.87,9138873,93.87
2021-11-03,93.1,93.84,92.86,93.35,2062974,93.35
2021-11-04,94.77,95.32,93.54,94.43,5579659,94.43
2021-11-05,91.71,92.13,90.77,91.45,7369819,91.45
2021-11-08,95.13,95.43,94.67,95.05,6307250,95.05
2021-11-09,94.88,95.43,93.75,94.59,6905497,94.59
2021-11-10,93.76,94.7,93.66,94.18,7006480,94.18
2021-11-11,92.32,92.66,91.84,92.25,4725008,92.25
2021-11-12,91.71,91.99,91.23,91.61,6435253,91.61
2021-11-15,94.37,94.98,94.16,94.57,9352256,94.57
2021-11-16,93.58,94.11,92.23,93.17,8547822,93.17
2021-11-17,94.17,94.55,92.57,93.56,3257831,93.56
2021-11-18,93.82,94.49,92.81,93.65,6474450,93.65
2021-11-19,92.62,93.35,91.73,92.54,6536845,92.54
2021-11-22,94.76,95.3,93.62,94.46,8938698,94.46
2021-11-23,91.31,92.76,90.92,91.84,7993371,91.84
2021-11-24,92.84,93.03,91.29,92.16,9962159,92.16
2021-11-26,93.15,93.59,91.57,92.58,6987188,92.58
2021-11-29,92.86,93.45,91.61,92.53,3280618,92.53
2021-11-30,93.31,94.05,92.19,93.12,9565970,93.12
2021-12-01,93.88,94.63,92.65,93.64,1987332,93.64
2021-12-02,91.76,92.36,90.68,91.52,7761254,91.52
2021-12-03,95.32,95.56,94.68,95.12,4229263,95.12
2021-12-06,92.43,92.97,92.01,92.49,1986274,92.49
2021-12-07,93.02,93.27,91.17,92.22,9377998,92.22
2021-12-08,92.53,93.52,91.98,92.75,9918186,92.75
2021-12-09,92.28,93.94,92.08,93.01,3323521,93.01
2021-12-10,92.56,92.68,91.9,92.29,9953354,92.29
2021-12-13,95.76,97.05,95.09,96.07,7538824,96.07
2021-12-14,95.58,97.05,95.09,96.07,2216175,96.07
2021-12-15,92.99,93.36,91.62,92.49,4197909,92.49
2021-12-16,96.26,97.05,95.69,96.37,3500512,96.37
2021-12-17,92.58,93.81,91.89,92.85,2348026,92.85
2021-12-20,95.2,96.72,94.66,95.69,5527936,95.69
2021-12-21,95.99,96.36,95.1,95.73,9977101,95.73
2021-12-22,96.24,96.79,94.75,95.77,3341983,95.77
2021-12-23,94.43,95.65,93.69,94.67,4214828,94.67
2021-12-27,94.14,95.96,93.84,94.9,6688244,94.9
2021-12-28,94.61,95.51,93.71,94.61,3993160,94.61
2021-12-29,92.52,92.71,91.69,92.2,6202231,92.2
2021-12-30,96.63,97.05,94.93,95.99,2479190,95.99
2021-12-31,92.96,94.5,92.52,93.51,8882332,93.51
2022-01-03,93.02,93.92,91.82,92.87,3587247,92.87
2022-01-04,92.62,93.35,92.35,92.85,1810977,92.85
2022-01-05,95.22,95.82,93.82,94.82,6744780,94.82
2022-01-06,94.23,95.79,93.95,94.87,5374565,94.87
2022-01-07,91.66,92.4,91.54,91.97,5609764,91.97
2022-01-10,92.95,93.4,92.04,92.72,7645017,92.72
2022-01-11,95.56,96.31,94.17,95.24,9344695,95.24
2022-01-12,95.32,96.41,94.73,95.57,8193945,95.57
2022-01-13,96.42,96.56,95.42,95.99,5608238,95.99
2022-01-14,93.96,94.9,93.6,94.25,4187458,94.25
2022-01-18,93.54,94.12,92.62,93.37,5792131,93.37
2022-01-19,94.81,95.81,94.59,95.2,8108248,95.2
2022-01-20,93.93,94.51,93.65,94.08,8906262,94.08
2022-01-21,95.99,96.49,94.33,95.41,5652947,95.41
2022-01-24,93.09,93.59,92.15,92.87,2022775,92.87
2022-01-25,91.72,92.22,91.42,91.82,6870908,91.82
2022-01-26,94.27,95.25,93.65,94.45,7458989,94.45
2022-01-27,93.9,94.74,93.78,94.26,2684722,94.26
2022-01-28,92.11,92.81,91.59,92.2,3057953,92.2
2022-01-31,91.6,92.47,90.61,91.54,6633723,91.54
2022-02-01,92.87,93.47,91.53,92.5,3965579,92.5
2022-02-02,92.66,93.58,92.12,92.85,3455227,92.85
2022-02-03,95.37,95.63,93.77,94.7,3617516,94.7
2022-02-04,92.42,92.86,91.28,92.07,1636942,92.07
2022-02-07,93.09,93.67,91.61,92.64,2705342,92.64
2022-02-08,92.59,93.57,92.17,92.87,5459620,92.87
2022-02-09,91.26,92.39,90.73,91.56,9822902,91.56
2022-02-10,94.2,95.98,93.98,94.98,5132081,94.98
2022-02-11,94.54,96.19,94.07,95.13,6500492,95.13
2022-02-14,95.0,95.34,94.34,94.84,7767176,94.84
2022-02-15,91.35,92.83,91.15,91.99,2821602,91.99
2022-02-16,92.97,94.21,92.77,93.49,7179524,93.49
2022-02-17,91.33,91.73,90.13,90.93,6546945,90.93
2022-02-18,94.76,95.32,93.66,94.49,5356696,94.49
2022-02-22,94.48,94.93,93.65,94.29,4368855,94.29
2022-02-23,91.29,92.19,90.59,91.39,2128994,91.39
2022-02-24,94.05,94.71,93.27,93.99,8102124,93.99
2022-02-25,93.26,94.02,93.12,93.57,8581366,93.57
2022-02-28,92.46,94.27,92.21,93.24,7956642,93.24
2022-03-01,94.28,94.98,93.7,94.34,4571555,94.34
2022-03-02,93.57,94.09,92.31,93.2,4065661,93.2
2022-03-03,92.55,93.12,91.76,92.44,3659568,92.44
2022-03-04,92.39,93.67,92.11,92.89,3304488,92.89
2022-03-07,91.13,91.52,90.68,91.1,3819563,91.1
2022-03-08,93.04,94.29,92.37,93.33,3302825,93.33
2022-03-09,94.3,94.97,94.03,94.5,7830419,94.5
2022-03-10,94.12,94.97,94.01,94.49,9913521,94.49
2022-03-11,92.81,93.15,92.31,92.73,2456610,92.73
2022-03-14,90.15,91.03,89.75,90.39,2385061,90.39
2022-03-15,94.27,94.99,93.97,94.48,3836179,94.48
2022-03-16,91.37,91.96,91.22,91.59,6297050,91.59
2022-03-17,93.69,94.44,92.96,93.7,2455879,93.7
2022-03-18,91.56,92.74,91.26,92.0,8257530,92.0
2022-03-21,93.35,94.08,92.86,93.47,3470350,93.47
2022-03-22,93.83,94.33,92.53,93.43,5743662,93.43
2022-03-23,91.23,91.82,91.06,91.44,8091453,91.44
2022-03-24,91.63,92.11,91.05,91.58,5031085,91.58
2022-03-25,94.46,95.01,93.11,94.06,5803021,94.06
2022-03-28,94.24,94.69,93.19,93.94,2440380,93.94
2022-03-29,93.4,94.16,92.98,93.57,1709546,93.57
2022-03-30,91.64,93.05,91.01,92.03,5537941,92.03
2022-03-31,90.58,90.89,89.69,90.29,9965104,90.29
2022-04-01,93.09,93.49,91.65,92.57,6266868,92.57
2022-04-04,91.33,91.98,91.12,91.55,5396014,91.55
2022-04-05,89.48,89.9,89.16,89.53,9379953,89.53
2022-04-06,89.99,90.77,89.55,90.16,6406506,90.16
2022-04-07,92.99,93.26,92.48,92.87,2101655,92.87
2022-04-08,91.74,93.02,90.92,91.97,4323949,91.97
2022-04-11,91.31,91.52,89.92,90.72,7616797,90.72
2022-04-12,89.97,90.56,88.58,89.57,9400540,89.57
2022-04-13,91.96,93.64,91.62,92.63,9984087,92.63
2022-04-14,89.38,89.72,88.66,89.19,6390538,89.19
2022-04-18,91.52,91.95,90.85,91.4,3767491,91.4
2022-04-19,90.62,92.35,90.29,91.32,3549046,91.32
2022-04-20,89.91,90.62,89.3,89.96,7438116,89.96
2022-04-21,91.58,92.27,91.25,91.76,2703382,91.76
2022-04-22,90.58,91.77,90.35,91.06,3738326,91.06
2022-04-25,92.9,93.72,92.74,93.23,6604726,93.23
2022-04-26,89.55,90.79,89.11,89.95,8256656,89.95
2022-04-27,92.75,93.2,91.4,92.3,8046465,92.3
2022-04-28,88.77,89.5,88.4,88.95,8065544,88.95
2022-04-29,90.99,91.34,90.58,90.96,4099004,90.96
2022-05-02,91.02,91.68,89.62,90.65,4368698,90.65
2022-05-03,88.42,89.76,88.08,88.92,4158010,88.92
2022-05-04,91.91,92.75,91.37,92.06,5214269,92.06
2022-05-05,89.91,90.72,89.76,90.24,9903526,90.24
2022-05-06,92.52,93.1,92.26,92.68,8904261,92.68
2022-05-09,91.85,92.08,90.18,91.13,7329678,91.13
2022-05-10,91.39,92.49,91.11,91.8,2393770,91.8
2022-05-11,91.72,92.88,91.38,92.13,6414733,92.13
2022-05-12,88.81,88.95,87.93,88.44,6791036,88.44
2022-05-13,91.8,92.46,91.58,92.02,2312415,92.02
2022-05-16,90.6,91.16,89.16,90.16,2550542,90.16
2022-05-17,90.54,91.21,89.17,90.19,4527497,90.19
2022-05-18,89.8,90.38,89.66,90.02,3522250,90.02
2022-05-19,90.21,90.6,88.82,89.71,7276068,89.71
2022-05-20,89.84,90.47,88.63,89.55,2212376,89.55
2022-05-23,91.55,92.46,91.44,91.95,1761281,91.95
2022-05-24,90.62,91.52,90.5,91.01,7603282,91.01
2022-05-25,89.84,90.18,89.14,89.66,2505337,89.66
2022-05-26,88.3,89.95,88.07,89.01,4818882,89.01
2022-05-27,91.17,91.43,89.97,90.7,7119032,90.7
2022-05-31,88.73,90.38,88.34,89.36,2468249,89.36
2022-06-01,89.95,90.48,88.78,89.63,6660459,89.63
2022-06-02,89.28,89.41,88.67,89.04,6664152,89.04
2022-06-03,91.54,91.69,90.85,91.27,1680312,91.27
2022-06-06,90.14,90.38,89.56,89.97,9972461,89.97
2022-06-07,89.88,90.71,89.53,90.12,8252900,90.12
2022-06-08,88.22,89.05,87.25,88.15,9273324,88.15
2022-06-09,91.39,91.91,90.51,91.21,8601173,91.21
2022-06-10,87.98,88.32,86.86,87.59,6903187,87.59
2022-06-13,89.02,89.75,88.67,89.21,3183142,89.21
2022-06-14,87.94,88.88,87.76,88.32,3053446,88.32
2022-06-15,89.47,90.09,88.97,89.53,2864995,89.53
2022-06-16,89.34,90.38,88.98,89.68,5711376,89.68
2022-06-17,88.72,89.84,88.22,89.03,8277301,89.03
2022-06-21,89.09,89.21,88.35,88.78,9857916,88.78
2022-06-22,91.42,91.69,90.65,91.17,8151184,91.17
2022-06-23,88.81,89.0,88.24,88.62,8863105,88.62
2022-06-24,88.56,88.88,87.1,87.99,5010072,87.99
2022-06-27,88.48,89.46,87.62,88.54,9228677,88.54
2022-06-28,91.1,91.72,89.84,90.78,3110377,90.78
2022-06-29,89.74,91.17,89.51,90.34,2789604,90.34
2022-06-30,90.93,91.91,89.91,90.91,4933641,90.91
2022-07-01,87.4,89.08,87.1,88.09,6127045,88.09
2022-07-05,87.07,87.75,86.83,87.29,4736976,87.29
2022-07-06,89.84,90.31,89.29,89.8,1831084,89.8
2022-07-07,91.36,91.48,90.7,91.09,9185355,91.09
2022-07-08,88.43,89.81,87.87,88.84,3675139,88.84
2022-07-11,86.99,87.69,86.59,87.14,6077946,87.14
2022-07-12,90.32,91.0,89.78,90.39,7959554,90.39
2022-07-13,90.84,91.15,89.81,90.48,8756467,90.48
2022-07-14,87.36,88.41,86.43,87.42,5094997,87.42
2022-07-15,88.01,88.72,87.6,88.16,9251947,88.16
2022-07-18,88.3,88.5,87.14,87.82,4083675,87.82
2022-07-19,88.55,88.77,87.23,88.0,4683596,88.0
2022-07-20,90.43,90.65,89.17,89.91,5640635,89.91
2022-07-21,88.78,89.14,88.42,88.78,8929800,88.78
2022-07-22,89.89,91.3,89.62,90.46,8157606,90.46
2022-07-25,88.63,89.53,87.77,88.65,7193319,88.65
2022-07-26,86.72,87.19,85.85,86.52,4955175,86.52
2022-07-27,86.59,87.21,85.45,86.33,6604775,86.33
2022-07-28,89.58,90.22,89.14,89.68,8990591,89.68
2022-07-29,89.67,90.2,88.42,89.31,8459420,89.31
2022-08-01,90.33,90.82,90.0,90.41,2511710,90.41
2022-08-02,87.73,87.96,87.18,87.57,4102460,87.57
2022-08-03,89.34,90.42,89.1,89.76,4861768,89.76
2022-08-04,86.42,86.76,85.64,86.2,5941500,86.2
2022-08-05,89.23,89.74,88.52,89.13,6100608,89.13
2022-08-08,87.45,88.0,87.3,87.65,6627851,87.65
2022-08-09,89.23,90.5,89.02,89.76,7645684,89.76
2022-08-10,87.07,87.78,86.06,86.92,1875569,86.92
2022-08-11,89.1,89.59,87.89,88.74,9834861,88.74
2022-08-12,85.88,86.43,85.31,85.87,9180201,85.87
2022-08-15,89.57,89.79,88.95,89.37,8254464,89.37
2022-08-16,86.15,86.73,85.37,86.05,4524127,86.05
2022-08-17,89.11,89.38,87.86,88.62,2774792,88.62
2022-08-18,88.7,89.05,87.59,88.32,4017586,88.32
2022-08-19,88.37,88.79,87.59,88.19,2026855,88.19
2022-08-22,86.02,86.43,85.73,86.08,8811552,86.08
2022-08-23,86.44,86.68,85.0,85.84,3565116,85.84
2022-08-24,87.15,88.01,87.01,87.51,3776084,87.51
2022-08-25,89.26,89.84,88.84,89.34,4471632,89.34
2022-08-26,89.11,90.39,88.95,89.67,4612881,89.67
2022-08-29,86.97,87.6,86.82,87.21,4227609,87.21
2022-08-30,85.22,85.77,84.81,85.29,5532833,85.29
2022-08-31,87.0,87.49,86.41,86.95,6326445,86.95
2022-09-01,86.94,87.18,85.58,86.38,4402555,86.38
2022-09-02,85.09,85.81,84.77,85.29,8327141,85.29
2022-09-06,88.55,89.83,88.21,89.02,4853451,89.02
2022-09-07,86.48,86.7,85.48,86.09,8867112,86.09
2022-09-08,87.12,88.13,86.97,87.55,5707203,87.55
2022-09-09,87.22,87.55,86.31,86.93,5425263,86.93
2022-09-12,88.77,89.55,88.55,89.05,8818332,89.05
2022-09-13,88.25,88.89,87.41,88.15,3464687,88.15
2022-09-14,85.87,86.35,84.81,85.58,8188699,85.58
2022-09-15,87.35,87.79,86.65,87.22,5945251,87.22
2022-09-16,88.49,88.73,87.49,88.11,4580711,88.11
2022-09-19,89.25,89.7,87.98,88.84,2479264,88.84
2022-09-20,86.93,87.26,86.52,86.89,5607806,86.89
2022-09-21,84.58,85.94,84.24,85.09,5033770,85.09
2022-09-22,86.2,87.32,85.78,86.55,7723697,86.55
2022-09-23,86.91,87.14,85.92,86.53,7501511,86.53
2022-09-26,86.01,87.14,85.48,86.31,1964662,86.31
2022-09-27,87.78,88.13,86.79,87.46,5520624,87.46
2022-09-28,85.64,86.24,85.2,85.72,7181392,85.72
2022-09-29,87.39,88.32,87.2,87.76,6903447,87.76
2022-09-30,87.41,87.92,87.02,87.47,3414273,87.47
2022-10-03,85.36,86.48,84.98,85.73,5452895,85.73
2022-10-04,88.35,89.11,87.89,88.5,3827708,88.5
2022-10-05,87.94,88.56,87.34,87.95,2975559,87.95
2022-10-06,87.03,87.44,86.7,87.07,8507554,87.07
2022-10-07,85.46,86.14,85.26,85.7,5428973,85.7
2022-10-10,85.56,86.96,85.12,86.04,7228334,86.04
2022-10-11,88.44,88.99,87.03,88.01,3877342,88.01
2022-10-12,86.55,87.48,86.22,86.85,8579216,86.85
2022-10-13,86.88,87.54,85.9,86.72,5773010,86.72
2022-10-14,88.17,88.69,87.77,88.23,6858274,88.23
2022-10-17,86.28,87.49,85.51,86.5,8956749,86.5
2022-10-18,87.99,88.14,87.04,87.59,3991196,87.59
2022-10-19,87.42,87.59,86.71,87.15,2516871,87.15
2022-10-20,87.18,88.64,86.92,87.78,3517365,87.78
2022-10-21,84.72,85.12,83.2,84.16,6401349,84.16
2022-10-24,87.03,87.3,86.32,86.81,6469582,86.81
2022-10-25,87.61,88.19,87.07,87.63,8221398,87.63
2022-10-26,87.47,88.21,87.01,87.61,1617708,87.61
2022-10-27,87.06,87.39,86.63,87.01,1630607,87.01
2022-10-28,86.46,86.76,85.84,86.3,3735177,86.3
2022-10-31,86.31,86.88,85.94,86.41,9394029,86.41
2022-11-01,84.3,84.92,84.2,84.56,4618404,84.56
2022-11-02,86.53,87.09,85.59,86.34,1645493,86.34
2022-11-03,86.07,87.24,85.62,86.43,1931858,86.43
2022-11-04,87.22,87.37,86.27,86.82,2625596,86.82
2022-11-07,84.05,84.32,83.28,83.8,8802944,83.8
2022-11-08,87.25,87.84,86.36,87.1,6541490,87.1
2022-11-09,84.78,85.93,84.07,85.0,2871388,85.0
2022-11-10,86.75,88.08,86.58,87.33,6488241,87.33
2022-11-11,86.77,87.37,86.15,86.76,8843961,86.76
2022-11-14,85.39,86.27,84.47,85.37,4191081,85.37
2022-11-15,85.97,86.53,85.43,85.98,7486999,85.98
2022-11-16,85.87,87.33,85.51,86.42,4577930,86.42
2022-11-17,87.48,87.86,86.04,86.95,1961029,86.95
2022-11-18,86.96,87.66,86.14,86.9,3493244,86.9
2022-11-21,84.14,85.71,83.89,84.8,7243684,84.8
2022-11-22,83.46,84.57,83.27,83.92,8384325,83.92
2022-11-23,86.53,86.76,84.88,85.82,4751038,85.82
2022-11-25,84.15,85.04,83.78,84.41,4056019,84.41
2022-11-28,86.82,87.2,85.8,86.5,8569983,86.5
2022-11-29,85.35,85.57,83.91,84.74,9146717,84.74
2022-11-30,83.4,84.59,82.81,83.7,5640983,83.7
2022-12-01,85.59,86.15,85.03,85.59,5821800,85.59
2022-12-02,83.2,84.41,82.65,83.53,5665781,83.53
2022-12-05,84.51,84.97,83.89,84.43,5151247,84.43
2022-12-06,83.6,83.86,82.24,83.05,3200714,83.05
2022-12-07,83.04,83.82,82.46,83.14,4634833,83.14
2022-12-08,85.05,85.51,83.99,84.75,9536700,84.75
2022-12-09,83.59,84.09,82.53,83.31,3176858,83.31
2022-12-12,83.37,84.48,83.04,83.76,2664893,83.76
2022-12-13,83.05,83.79,82.93,83.36,6009924,83.36
2022-12-14,83.43,83.69,82.55,83.12,9249107,83.12
2022-12-15,82.36,83.09,82.17,82.63,3311931,82.63
2022-12-16,85.85,86.57,85.53,86.05,5039941,86.05
2022-12-19,85.7,86.51,85.11,85.81,5561232,85.81
2022-12-20,85.15,85.47,83.95,84.71,4892949,84.71
2022-12-21,82.86,83.09,81.31,82.2,4439837,82.2
2022-12-22,84.88,85.24,83.86,84.55,6359584,84.55
2022-12-23,85.16,85.78,84.26,85.02,6181249,85.02
2022-12-27,82.85,83.66,82.7,83.18,2024886,83.18
2022-12-28,85.11,85.6,83.7,84.65,9023344,84.65
2022-12-29,83.61,84.07,82.89,83.48,4377811,83.48
2022-12-30,85.63,86.43,85.05,85.74,3322432,85.74
2023-01-03,83.53,84.98,83.12,84.05,9049292,84.05
2023-01-04,85.03,85.94,84.16,85.05,3732279,85.05
2023-01-05,83.82,84.81,83.53,84.17,8471773,84.17
2023-01-06,84.04,84.9,83.34,84.12,3966755,84.12
2023-01-09,84.41,84.75,83.27,84.01,3750547,84.01
2023-01-10,83.21,83.47,82.05,82.76,1796392,82.76
2023-01-11,86.52,87.12,86.04,86.58,4201394,86.58
2023-01-12,87.13,87.72,86.12,86.92,4261653,86.92
2023-01-13,84.87,85.04,83.72,84.38,5754077,84.38
2023-01-17,87.05,87.4,85.66,86.53,4141270,86.53
2023-01-18,84.01,84.3,83.08,83.69,3130866,83.69
2023-01-19,85.84,86.56,85.54,86.05,3186339,86.05
2023-01-20,84.53,85.47,83.85,84.66,2972912,84.66
2023-01-23,86.99,87.61,86.03,86.82,2238051,86.82
2023-01-24,86.28,86.48,85.44,85.96,9312791,85.96
2023-01-25,86.09,86.72,85.7,86.21,9704988,86.21
2023-01-26,87.4,88.4,86.62,87.51,7349074,87.51
2023-01-27,87.56,89.11,87.17,88.14,3060090,88.14
2023-01-30,86.08,86.67,85.11,85.89,2992452,85.89
2023-01-31,89.6,90.17,88.63,89.4,1777093,89.4
2023-02-01,85.28,85.82,85.02,85.42,3992663,85.42
2023-02-02,88.22,89.34,87.48,88.41,5018830,88.41
2023-02-03,86.78,88.27,86.31,87.29,2943294,87.29
2023-02-06,88.67,89.03,87.47,88.25,1777747,88.25
2023-02-07,89.67,90.9,89.38,90.14,6050089,90.14
2023-02-08,87.01,87.42,86.14,86.78,5215018,86.78
2023-02-09,89.23,89.9,88.1,89.0,8126773,89.0
2023-02-10,87.03,87.9,86.28,87.09,3498756,87.09
2023-02-13,89.98,91.18,89.62,90.4,9142493,90.4
2023-02-14,89.96,91.06,89.72,90.39,8303368,90.39
2023-02-15,90.31,91.28,89.52,90.4,5336915,90.4
2023-02-16,91.19,92.3,90.6,91.45,5949305,91.45
2023-02-17,87.57,87.68,86.74,87.21,7694878,87.21
2023-02-21,89.68,90.4,88.72,89.56,7713407,89.56
2023-02-22,88.07,89.02,87.58,88.3,7738184,88.3
2023-02-23,88.68,89.89,88.23,89.06,9945857,89.06
2023-02-24,90.56,91.22,89.96,90.59,9233958,90.59
2023-02-27,88.25,88.81,88.03,88.42,4615058,88.42
2023-02-28,92.4,93.23,92.01,92.62,1826502,92.62
2023-03-01,89.68,90.57,88.55,89.56,8466046,89.56
2023-03-02,89.5,89.79,89.07,89.43,2193250,89.43
2023-03-03,93.5,93.89,92.59,93.24,4295660,93.24
2023-03-06,91.23,92.2,90.82,91.51,4887620,91.51
2023-03-07,91.64,92.18,91.06,91.62,8719642,91.62
2023-03-08,92.45,92.85,91.99,92.42,5525563,92.42
2023-03-09,92.29,92.54,91.48,92.01,7750386,92.01
2023-03-10,94.14,94.57,93.43,94.0,7032292,94.0
2023-03-13,92.21,92.95,92.07,92.51,5158166,92.51
2023-03-14,94.19,94.42,92.48,93.45,3982078,93.45
2023-03-15,94.45,95.66,93.98,94.82,4404498,94.82
2023-03-16,93.34,94.14,92.2,93.17,1933729,93.17
2023-03-17,92.24,93.38,92.04,92.71,6597365,92.71
2023-03-20,93.58,94.77,93.25,94.01,7485532,94.01
2023-03-21,95.23,95.71,94.21,94.96,4461978,94.96
2023-03-22,94.36,94.83,93.71,94.27,7829488,94.27
2023-03-23,93.8,93.95,92.77,93.36,9575997,93.36
2023-03-24,92.59,93.2,92.18,92.69,7483230,92.69
2023-03-27,95.78,96.58,95.24,95.91,4413310,95.91
2023-03-28,93.59,94.82,93.34,94.08,7713127,94.08
2023-03-29,96.75,96.92,95.92,96.42,7150873,96.42
2023-03-30,94.66,94.94,92.8,93.87,3578797,93.87
2023-03-31,95.85,97.05,95.29,96.17,1870102,96.17
2023-04-03,95.39,95.75,94.27,95.01,4801426,95.01
2023-04-04,97.21,97.94,95.86,96.9,5737735,96.9
2023-04-05,95.23,96.09,94.65,95.37,8475470,95.37
2023-04-06,97.11,97.97,95.97,96.97,5907327,96.97
2023-04-10,95.31,96.08,94.3,95.19,1581407,95.19
2023-04-11,97.71,98.01,96.79,97.4,3216945,97.4
2023-04-12,97.44,98.81,96.99,97.9,4363455,97.9
2023-04-13,95.64,96.97,94.89,95.93,2725786,95.93
2023-04-14,94.21,94.54,93.4,93.97,4836541,93.97
2023-04-17,97.95,98.58,97.74,98.16,5126655,98.16
2023-04-18,98.2,99.14,97.14,98.14,8826523,98.14
2023-04-19,95.43,96.22,94.88,95.55,9618511,95.55
2023-04-20,97.4,97.57,96.13,96.85,1722718,96.85
2023-04-21,98.86,100.03,98.51,99.27,1864973,99.27
2023-04-24,97.92,98.08,97.18,97.63,4124712,97.63
2023-04-25,98.91,99.69,98.61,99.15,7287778,99.15
2023-04-26,100.58,100.84,98.98,99.91,9812556,99.91
2023-04-27,98.01,98.15,97.33,97.74,5444953,97.74
2023-04-28,97.12,98.65,96.85,97.75,5241205,97.75
2023-05-01,98.63,99.3,98.28,98.79,2423224,98.79
2023-05-02,99.53,99.8,97.56,98.68,1793198,98.68
2023-05-03,97.2,98.35,96.53,97.44,6988507,97.44
2023-05-04,99.0,99.55,98.31,98.93,5752046,98.93
2023-05-05,97.47,98.17,96.83,97.5,7609158,97.5
2023-05-08,101.19,101.72,100.76,101.24,1879315,101.24
2023-05-09,101.0,101.34,99.86,100.6,6648867,100.6
2023-05-10,98.75,99.42,97.26,98.34,9941339,98.34
2023-05-11,100.81,101.65,99.93,100.79,8268841,100.79
2023-05-12,98.62,100.47,98.37,99.42,7936882,99.42
2023-05-15,101.11,101.75,100.41,101.08,4665402,101.08
2023-05-16,100.39,101.03,100.17,100.6,5179456,100.6
2023-05-17,98.23,99.01,97.31,98.16,7686844,98.16
2023-05-18,98.81,100.36,98.52,99.44,2620406,99.44
2023-05-19,101.29,101.86,101.04,101.45,6472900,101.45
2023-05-22,99.49,100.21,99.03,99.62,9741389,99.62
2023-05-23,103.68,104.05,101.85,102.95,9103033,102.95
2023-05-24,99.97,101.51,99.59,100.55,5098010,100.55
2023-05-25,100.22,100.91,99.65,100.28,8974995,100.28
2023-05-26,101.72,102.97,101.47,102.22,9061767,102.22
2023-05-30,100.87,101.08,99.84,100.46,3201993,100.46
2023-05-31,99.06,100.2,98.86,99.53,2751205,99.53
2023-06-01,101.32,102.26,100.96,101.61,7634898,101.61
2023-06-02,104.19,105.19,103.91,104.55,4310892,104.55
2023-06-05,102.38,103.17,101.65,102.41,6028518,102.41
2023-06-06,100.86,101.96,100.0,100.98,3604914,100.98
2023-06-07,103.73,104.35,102.05,103.2,3722143,103.2
2023-06-08,104.81,105.05,103.91,104.48,3486229,104.48
2023-06-09,101.87,102.66,100.86,101.76,8487246,101.76
2023-06-12,101.71,101.86,100.9,101.38,2475514,101.38
2023-06-13,106.24,106.53,104.47,105.5,4304316,105.5
2023-06-14,101.51,102.13,101.17,101.65,4607465,101.65
2023-06-15,102.95,103.26,102.1,102.68,9074383,102.68
2023-06-16,106.37,106.73,104.47,105.6,1693834,105.6
2023-06-20,104.05,105.11,103.73,104.42,4207853,104.42
2023-06-21,104.26,105.62,103.32,104.47,3058991,104.47
2023-06-22,102.86,103.45,102.37,102.91,4531875,102.91
2023-06-23,105.64,106.81,105.29,106.05,3800413,106.05
2023-06-26,105.5,105.88,104.24,105.06,6095827,105.06
2023-06-27,102.34,103.0,101.84,102.42,9523633,102.42
2023-06-28,106.87,107.19,104.89,106.04,4359836,106.04
2023-06-29,107.41,108.65,106.47,107.56,7288673,107.56
2023-06-30,104.43,105.21,103.99,104.6,6964986,104.6
2023-07-03,104.6,105.86,103.92,104.89,4886905,104.89
2023-07-05,105.8,106.13,104.21,105.17,2639753,105.17
2023-07-06,107.78,108.98,107.46,108.22,2292011,108.22
2023-07-07,106.31,107.78,105.8,106.79,2752256,106.79
2023-07-10,107.26,108.86,106.78,107.82,9194013,107.82
2023-07-11,105.67,106.45,104.85,105.65,9370121,105.65
2023-07-12,108.39,108.96,107.74,108.35,9341483,108.35
2023-07-13,105.44,106.21,104.19,105.2,7463412,105.2
2023-07-14,105.36,105.76,104.86,105.31,8582605,105.31
2023-07-17,106.07,106.74,104.64,105.69,3132618,105.69
2023-07-18,110.44,110.69,109.11,109.9,1856714,109.9
2023-07-19,108.02,108.82,106.88,107.85,2362049,107.85
2023-07-20,106.15,107.97,105.75,106.86,2128728,106.86
2023-07-21,107.49,108.09,106.73,107.41,1593646,107.41
2023-07-24,107.87,108.65,107.37,108.01,7919789,108.01
2023-07-25,107.21,108.82,106.58,107.7,1962978,107.7
2023-07-26,107.94,108.75,106.99,107.87,5116284,107.87
2023-07-27,110.4,111.83,109.53,110.68,9913228,110.68
2023-07-28,107.81,108.79,106.71,107.75,1784763,107.75
2023-07-31,111.28,112.95,110.45,111.7,1749143,111.7
2023-08-01,110.6,111.26,109.06,110.16,6806620,110.16
2023-08-02,108.24,108.57,106.37,107.47,3066075,107.47
2023-08-03,109.28,110.03,107.77,108.9,1898777,108.9
2023-08-04,107.78,108.2,107.12,107.66,6149571,107.66
2023-08-07,112.4,112.54,111.46,112.0,9183917,112.0
2023-08-08,111.99,112.54,111.06,111.8,2576453,111.8
2023-08-09,111.33,112.61,110.33,111.47,7180274,111.47
2023-08-10,112.43,113.97,111.67,112.82,4442023,112.82
2023-08-11,112.66,113.61,112.05,112.83,4775709,112.83
2023-08-14,110.72,111.31,108.95,110.13,3607185,110.13
2023-08-15,112.16,112.87,111.93,112.4,8252654,112.4
2023-08-16,110.34,110.91,108.65,109.78,2639825,109.78
2023-08-17,110.53,110.88,109.38,110.13,2627107,110.13
2023-08-18,109.9,110.63,109.41,110.02,5070830,110.02
2023-08-21,109.91,110.48,108.12,109.3,1515186,109.3
2023-08-22,112.99,114.43,111.91,113.17,6989793,113.17
2023-08-23,111.47,112.09,111.15,111.62,6386504,111.62
2023-08-24,113.1,113.33,111.45,112.39,9865038,112.39
2023-08-25,110.83,111.25,109.03,110.14,7790871,110.14
2023-08-28,114.61,115.22,113.94,114.58,4989082,114.58
2023-08-29,110.7,111.26,109.82,110.54,3720851,110.54
2023-08-30,111.6,112.84,111.04,111.94,6329381,111.94
2023-08-31,113.12,114.25,111.85,113.05,2799883,113.05
2023-09-01,113.22,113.95,112.65,113.3,7167634,113.3
2023-09-05,112.98,113.62,112.06,112.84,5511009,112.84
2023-09-06,110.86,111.98,110.26,111.12,2324425,111.12
2023-09-07,111.07,111.75,110.67,111.21,4677867,111.21
2023-09-08,111.86,112.09,110.71,111.4,1890793,111.4
2023-09-11,112.79,113.54,111.62,112.58,7313091,112.58
2023-09-12,111.84,113.15,111.23,112.19,5653142,112.19
2023-09-13,113.75,114.56,112.1,113.33,2278137,113.33
2023-09-14,116.45,116.72,114.92,115.82,4545275,115.82
2023-09-15,116.34,117.15,115.97,116.56,4013221,116.56
2023-09-18,114.48,114.98,112.6,113.79,3635429,113.79
2023-09-19,116.12,116.84,115.46,116.15,2887238,116.15
2023-09-20,116.78,117.72,115.68,116.7,8082444,116.7
2023-09-21,118.49,119.37,117.11,118.24,6395411,118.24
2023-09-22,117.11,117.61,115.99,116.8,9560859,116.8
2023-09-25,117.9,118.98,117.44,118.21,4276900,118.21
2023-09-26,115.07,116.51,114.61,115.56,3780334,115.56
2023-09-27,118.09,118.5,117.42,117.96,6276612,117.96
2023-09-28,113.93,115.83,113.59,114.71,6458565,114.71
2023-09-29,116.41,117.3,115.56,116.43,8638919,116.43
2023-10-02,118.84,119.46,116.78,118.12,9391347,118.12
2023-10-03,116.86,117.5,115.28,116.39,7546061,116.39
2023-10-04,114.33,115.19,113.47,114.33,8486520,114.33
2023-10-05,114.57,116.04,114.0,115.02,7841698,115.02
2023-10-06,118.17,118.59,116.09,117.34,6631033,117.34
2023-10-09,120.7,121.16,119.44,120.3,9446463,120.3
2023-10-10,118.05,118.75,116.81,117.78,7698534,117.78
2023-10-11,115.74,116.03,114.79,115.41,9010627,115.41
2023-10-12,116.18,116.55,115.63,116.09,8969650,116.09
2023-10-13,119.27,120.73,118.99,119.86,3334566,119.86
2023-10-16,120.99,121.37,119.71,120.54,9658707,120.54
2023-10-17,121.33,121.77,119.87,120.82,7799027,120.82
2023-10-18,116.99,118.15,115.51,116.83,9072046,116.83
2023-10-19,117.9,118.72,116.16,117.44,6575738,117.44
2023-10-20,119.2,120.6,118.76,119.68,8380974,119.68
2023-10-23,120.07,120.26,118.88,119.57,3767836,119.57
2023-10-24,122.08,122.71,120.79,121.75,4370377,121.75
2023-10-25,121.43,123.04,120.92,121.98,3289694,121.98
2023-10-26,120.96,121.33,119.13,120.23,3670953,120.23
2023-10-27,118.66,119.91,118.37,119.14,2998649,119.14
2023-10-30,121.43,122.48,120.1,121.29,9646766,121.29
2023-10-31,122.19,122.54,120.04,121.29,3494076,121.29
2023-11-01,118.67,119.68,118.26,118.97,2342339,118.97
2023-11-02,121.07,121.83,120.43,121.13,4604436,121.13
2023-11-03,117.76,119.02,117.56,118.29,7547444,118.29
2023-11-06,122.54,122.79,120.49,121.64,2277359,121.64
2023-11-07,123.08,123.25,122.23,122.74,5560153,122.74
2023-11-08,121.55,123.39,120.69,122.04,1772342,122.04
2023-11-09,123.32,124.03,121.57,122.8,9945021,122.8
2023-11-10,123.28,125.01,122.95,123.98,4252086,123.98
2023-11-13,122.77,123.35,121.53,122.44,9077418,122.44
2023-11-14,124.59,125.82,123.86,124.84,3022027,124.84
2023-11-15,121.23,121.89,120.33,121.11,3170848,121.11
2023-11-16,123.69,124.38,121.74,123.06,5572384,123.06
2023-11-17,124.12,125.02,123.98,124.5,5487603,124.5
2023-11-20,120.88,121.63,120.01,120.82,7459404,120.82
2023-11-21,124.27,126.02,123.98,125.0,5658484,125.0
2023-11-22,119.94,120.97,118.77,119.87,6623003,119.87
2023-11-24,121.27,121.56,120.6,121.08,7642700,121.08
2023-11-27,122.47,122.85,121.49,122.17,3853582,122.17
2023-11-28,122.28,122.58,120.98,121.78,2549751,121.78
2023-11-29,122.3,123.02,121.02,122.02,6664534,122.02
2023-11-30,122.93,123.31,120.95,122.13,4627914,122.13
2023-12-01,122.74,123.46,121.78,122.62,7425407,122.62
2023-12-04,124.08,124.4,123.26,123.83,5540062,123.83
2023-12-05,124.6,125.34,123.16,124.25,2825496,124.25
2023-12-06,122.3,122.73,121.25,121.99,4163341,121.99
2023-12-07,124.68,126.61,123.85,125.23,4405540,125.23
2023-12-08,125.99,126.36,125.3,125.83,1502855,125.83
2023-12-11,124.54,125.91,123.67,124.79,9829549,124.79
2023-12-12,126.29,127.29,125.25,126.27,9919081,126.27
2023-12-13,126.53,126.82,124.86,125.84,4223275,125.84
2023-12-14,128.23,129.15,127.99,128.57,2719211,128.57
2023-12-15,123.79,124.06,122.56,123.31,6219192,123.31
2023-12-18,126.98,128.82,126.3,127.56,8011217,127.56
2023-12-19,126.71,128.17,126.17,127.17,3170977,127.17
2023-12-20,125.71,126.38,124.58,125.48,5121413,125.48
2023-12-21,124.17,125.86,123.72,124.79,1904491,124.79
2023-12-22,125.14,125.83,124.07,124.95,6351811,124.95
2023-12-26,124.88,126.09,123.57,124.83,2808122,124.83
2023-12-27,129.03,129.18,128.08,128.63,1700156,128.63
2023-12-28,128.19,129.75,127.01,128.38,1704433,128.38
2023-12-29,126.14,126.75,125.25,126.0,7152689,126.0
2024-01-02,129.06,130.72,128.42,129.57,4172898,129.57
2024-01-03,126.83,127.95,126.57,127.26,6527529,127.26
2024-01-04,126.61,127.24,125.58,126.41,7624052,126.41
2024-01-05,127.36,128.47,126.73,127.6,1536906,127.6
2024-01-08,126.16,127.0,124.84,125.92,9749491,125.92
2024-01-09,126.49,127.73,126.27,127.0,9655685,127.0
2024-01-10,127.28,128.32,127.14,127.73,6981762,127.73
2024-01-11,131.56,132.12,130.46,131.29,4558696,131.29
2024-01-12,125.02,127.22,124.66,125.94,8578724,125.94
2024-01-16,128.74,131.22,128.3,129.76,8579845,129.76
2024-01-17,127.73,128.14,125.7,126.92,1753913,126.92
2024-01-18,129.59,130.59,128.15,129.37,9472209,129.37
2024-01-19,131.65,132.86,131.18,132.02,4180898,132.02
2024-01-22,127.1,128.03,126.99,127.51,8548001,127.51
2024-01-23,130.85,131.57,130.11,130.84,2097481,130.84
2024-01-24,133.99,134.6,131.68,133.14,7358389,133.14
2024-01-25,130.29,131.53,129.63,130.58,8199465,130.58
2024-01-26,130.64,132.29,129.93,131.11,2237700,131.11
2024-01-29,132.05,133.04,131.52,132.28,7175385,132.28
2024-01-30,130.44,131.58,129.04,130.31,9511565,130.31
2024-01-31,127.05,128.27,126.71,127.49,3325292,127.49
2024-02-01,128.24,128.71,127.57,128.14,8453009,128.14
2024-02-02,129.19,130.12,128.14,129.13,9715723,129.13
2024-02-05,129.98,130.8,129.64,130.22,6795059,130.22
2024-02-06,133.9,134.41,133.27,133.84,7286605,133.84
2024-02-07,131.98,133.25,131.13,132.19,6562030,132.19
2024-02-08,135.11,135.43,133.81,134.62,8359590,134.62
2024-02-09,130.8,131.31,129.99,130.65,8362771,130.65
2024-02-12,131.24,131.69,129.05,130.37,6265673,130.37
2024-02-13,134.23,135.98,133.2,134.59,3902827,134.59
2024-02-14,129.58,130.68,128.48,129.58,6050840,129.58
2024-02-15,131.26,132.36,130.5,131.43,5056511,131.43
2024-02-16,132.01,133.83,131.61,132.72,9450888,132.72
2024-02-20,133.38,133.7,131.22,132.46,2500157,132.46
2024-02-21,132.26,132.74,130.22,131.48,9172711,131.48
2024-02-22,136.22,136.96,135.24,136.1,6890047,136.1
2024-02-23,133.34,133.89,131.85,132.87,8891423,132.87
2024-02-26,132.06,132.26,130.58,131.42,8791598,131.42
2024-02-27,136.13,137.18,135.68,136.43,2380580,136.43
2024-02-28,133.76,135.08,133.58,134.33,9670882,134.33
2024-02-29,135.61,137.08,134.86,135.97,2048584,135.97
2024-03-01,134.48,135.04,133.52,134.28,9846533,134.28
2024-03-04,130.74,131.46,130.3,130.88,2182108,130.88
2024-03-05,134.6,134.97,132.65,133.81,8609594,133.81
2024-03-06,133.4,133.86,132.62,133.24,2420613,133.24
2024-03-07,130.57,131.93,130.23,131.08,6399450,131.08
2024-03-08,135.63,136.0,133.94,134.97,8257272,134.97
2024-03-11,133.8,136.22,133.5,134.86,9415521,134.86
2024-03-12,132.21,133.23,131.07,132.15,1630683,132.15
2024-03-13,135.19,136.98,134.18,135.58,2358426,135.58
2024-03-14,131.67,133.98,131.26,132.62,4541525,132.62
2024-03-15,139.1,139.73,137.01,138.37,4988067,138.37
2024-03-18,138.01,139.98,137.72,138.85,5489683,138.85
2024-03-19,134.46,134.95,132.71,133.83,4658788,133.83
2024-03-20,138.31,139.1,136.48,137.79,6851260,137.79
2024-03-21,135.34,137.47,134.93,136.2,4379206,136.2
2024-03-22,138.12,139.54,136.8,138.17,4701718,138.17
2024-03-25,137.13,138.12,136.84,137.48,4570013,137.48
2024-03-26,134.71,136.19,133.59,134.89,2115313,134.89
2024-03-27,139.11,140.04,138.26,139.15,8523398,139.15
2024-03-28,136.44,137.22,134.32,135.77,9664383,135.77
2024-04-01,134.44,135.3,132.98,134.14,4580693,134.14
2024-04-02,139.17,139.67,138.41,139.04,8548210,139.04
2024-04-03,138.41,139.96,136.92,138.44,3826039,138.44
2024-04-04,139.68,140.94,138.42,139.68,5539400,139.68
2024-04-05,140.02,142.11,139.17,140.64,7365779,140.64
2024-04-08,139.16,141.13,138.35,139.74,6823619,139.74
2024-04-09,138.38,139.19,136.59,137.89,6743659,137.89
2024-04-10,139.25,139.89,137.33,138.61,1778705,138.61
2024-04-11,137.39,137.88,135.28,136.58,6256311,136.58
2024-04-12,136.22,136.86,135.7,136.28,8981555,136.28
2024-04-15,137.59,139.26,137.2,138.23,5564569,138.23
2024-04-16,136.59,138.13,136.23,137.18,6598809,137.18
2024-04-17,136.86,137.44,136.12,136.78,7672766,136.78
2024-04-18,139.54,140.88,138.44,139.66,5414595,139.66
2024-04-19,138.53,140.11,137.89,139.0,9508179,139.0
2024-04-22,137.87,138.96,137.18,138.07,4101149,138.07
2024-04-23,141.32,142.26,139.84,141.05,2379091,141.05
2024-04-24,141.66,141.93,139.85,140.89,5620717,140.89
2024-04-25,142.2,142.79,141.39,142.09,2165968,142.09
2024-04-26,142.28,143.22,141.18,142.2,6985164,142.2
2024-04-29,142.42,143.67,142.05,142.86,6207933,142.86
2024-04-30,141.25,143.67,140.49,142.08,5090494,142.08
2024-05-01,137.43,139.46,137.02,138.24,7719447,138.24
2024-05-02,142.45,144.9,142.18,143.54,8890560,143.54
2024-05-03,138.88,140.65,137.75,139.2,8336829,139.2
2024-05-06,140.06,140.54,138.84,139.69,2638942,139.69
2024-05-07,140.54,140.86,138.54,139.7,8548236,139.7
2024-05-08,142.78,143.29,141.59,142.44,6468940,142.44
2024-05-09,138.43,140.68,138.18,139.43,8914800,139.43
2024-05-10,143.06,143.73,142.01,142.87,8278691,142.87
2024-05-13,142.36,143.52,141.74,142.63,3807545,142.63
2024-05-14,140.01,140.37,138.23,139.3,8471273,139.3
2024-05-15,137.6,139.44,137.32,138.38,4939923,138.38
2024-05-16,141.95,142.09,140.83,141.46,5284959,141.46
2024-05-17,143.36,144.36,142.36,143.36,1895560,143.36
2024-05-20,139.4,140.53,139.19,139.86,7425766,139.86
2024-05-21,146.17,146.81,143.61,145.21,3283190,145.21
2024-05-22,143.81,144.71,142.05,143.38,8636456,143.38
2024-05-23,142.99,143.81,141.65,142.73,6814372,142.73
2024-05-24,143.5,145.44,143.26,144.35,4649521,144.35
2024-05-28,142.53,142.82,140.6,141.71,7028077,141.71
2024-05-29,141.64,142.32,139.1,140.71,9460149,140.71
2024-05-30,141.48,142.69,139.73,141.21,7027329,141.21
2024-05-31,142.93,144.09,142.77,143.43,4296162,143.43
2024-06-03,143.18,143.89,140.81,142.35,3621987,142.35
2024-06-04,145.64,147.77,144.49,146.13,9427145,146.13
2024-06-05,139.66,140.89,139.33,140.11,7562331,140.11
2024-06-06,142.7,143.71,142.29,143.0,6645219,143.0
2024-06-07,146.02,146.6,145.12,145.86,5513171,145.86
2024-06-10,144.51,145.11,141.93,143.52,2757191,143.52
2024-06-11,144.03,145.4,142.66,144.03,3707560,144.03
2024-06-12,142.22,143.17,140.39,141.78,8716616,141.78
2024-06-13,146.39,147.04,144.86,145.95,4322220,145.95
2024-06-14,145.58,147.45,144.61,146.03,2221464,146.03
2024-06-17,141.67,143.59,141.43,142.51,5215121,142.51
2024-06-18,146.19,147.35,145.83,146.59,4133374,146.59
2024-06-20,140.9,143.41,140.31,141.86,9577689,141.86
2024-06-21,146.17,146.99,145.17,146.08,3416445,146.08
2024-06-24,148.08,148.73,147.11,147.92,4668930,147.92
2024-06-25,144.41,146.29,143.49,144.89,6348263,144.89
2024-06-26,147.56,148.56,147.0,147.78,3541226,147.78
2024-06-27,145.17,145.98,144.76,145.37,9834104,145.37
2024-06-28,146.86,147.6,145.88,146.74,3397887,146.74
2024-07-01,147.25,147.88,146.02,146.95,1929096,146.95
2024-07-02,147.45,148.11,146.79,147.45,9531560,147.45
2024-07-03,146.41,146.81,144.11,145.46,1772155,145.46
2024-07-05,147.39,147.97,144.73,146.35,8300792,146.35
2024-07-08,145.5,146.13,143.59,144.86,1620945,144.86
2024-07-09,147.94,150.1,147.18,148.64,4982816,148.64
2024-07-10,150.18,150.84,147.56,149.2,2612390,149.2
2024-07-11,144.58,144.93,142.87,143.9,2289113,143.9
2024-07-12,148.32,150.82,147.44,149.13,3346896,149.13
2024-07-15,146.78,147.58,145.52,146.55,6091411,146.55
2024-07-16,149.76,151.14,148.48,149.81,3956998,149.81
2024-07-17,145.38,147.72,145.06,146.39,4171202,146.39
2024-07-18,150.99,151.4,147.98,149.69,9363198,149.69
2024-07-19,145.02,146.1,142.82,144.46,3700697,144.46
2024-07-22,152.51,153.33,150.41,151.87,9668462,151.87
2024-07-23,152.05,152.95,150.65,151.8,6957571,151.8
2024-07-24,149.57,150.67,147.99,149.33,1543249,149.33
2024-07-25,150.46,152.71,149.35,151.03,2804743,151.03
2024-07-26,150.34,150.89,149.11,150.0,5153739,150.0
2024-07-29,152.01,153.2,149.8,151.5,7859495,151.5
2024-07-30,150.09,150.42,147.92,149.17,6032637,149.17
2024-07-31,151.95,152.63,150.35,151.49,5914220,151.49
2024-08-01,149.49,149.97,148.31,149.14,4678781,149.14
2024-08-02,150.07,150.9,147.7,149.3,7693984,149.3
2024-08-05,148.22,148.66,146.44,147.55,4825670,147.55
2024-08-06,150.88,151.88,148.76,150.32,7325578,150.32
2024-08-07,151.65,152.92,149.74,151.33,6237730,151.33
2024-08-08,148.6,149.26,147.42,148.34,3614694,148.34
2024-08-09,150.86,151.68,150.34,151.01,2010509,151.01
2024-08-12,150.33,152.17,149.93,151.05,8845768,151.05
2024-08-13,152.43,154.23,152.23,153.23,2286400,153.23
2024-08-14,154.88,155.26,153.6,154.43,6391027,154.43
2024-08-15,152.3,154.89,151.95,153.42,2803362,153.42
2024-08-16,148.99,150.7,148.66,149.68,6835606,149.68
2024-08-19,154.76,155.72,154.26,154.99,2781064,154.99
2024-08-20,153.63,156.64,153.18,154.91,6448243,154.91
2024-08-21,148.89,150.34,146.96,148.65,1845647,148.65
2024-08-22,149.91,150.58,147.8,149.19,2863106,149.19
2024-08-23,154.15,154.53,152.89,153.71,6265427,153.71
2024-08-26,152.72,153.64,150.78,152.21,8073258,152.21
2024-08-27,154.72,155.4,153.7,154.55,3240930,154.55
2024-08-28,149.35,150.39,148.07,149.23,1915325,149.23
2024-08-29,150.19,151.93,149.33,150.63,5325143,150.63
2024-08-30,150.13,151.23,149.19,150.21,4165956,150.21
2024-09-03,152.6,152.87,150.95,151.91,6000796,151.91
2024-09-04,151.99,154.84,151.6,153.22,8400082,153.22
2024-09-05,149.91,151.45,149.45,150.45,7420653,150.45
2024-09-06,153.21,155.24,151.86,153.55,8858590,153.55
2024-09-09,154.03,155.99,152.55,154.27,9512593,154.27
2024-09-10,155.99,156.66,154.5,155.58,6290859,155.58
2024-09-11,150.49,151.77,149.21,150.49,7108040,150.49
2024-09-12,151.98,152.73,150.71,151.72,4894853,151.72
2024-09-13,150.04,151.64,149.42,150.53,7701218,150.53
2024-09-16,153.79,156.06,152.82,154.44,6478580,154.44
2024-09-17,154.5,156.07,152.99,154.53,9982519,154.53
2024-09-18,152.3,154.52,151.78,153.15,9819449,153.15
2024-09-19,159.16,159.42,157.06,158.24,2991919,158.24
2024-09-20,151.03,152.39,150.79,151.59,6077125,151.59
2024-09-23,156.26,156.61,154.55,155.58,8708953,155.58
2024-09-24,155.4,158.08,155.1,156.59,8038160,156.59
2024-09-25,157.54,157.91,155.83,156.87,3139752,156.87
2024-09-26,154.1,155.92,153.56,154.74,9972573,154.74
2024-09-27,153.0,153.95,152.53,153.24,2701463,153.24
2024-09-30,159.69,160.03,157.73,158.88,3511515,158.88
2024-10-01,158.2,158.49,155.83,157.16,8638639,157.16
2024-10-02,154.7,155.14,153.56,154.35,2475822,154.35
2024-10-03,152.44,154.41,151.23,152.82,7081228,152.82
2024-10-04,155.73,156.99,155.59,156.29,9372560,156.29
2024-10-07,152.51,153.57,152.03,152.8,7146021,152.8
2024-10-08,158.54,159.46,157.82,158.64,1580274,158.64
2024-10-09,156.91,159.68,156.46,158.07,3447124,158.07
2024-10-10,155.67,158.42,155.22,156.82,4549124,156.82
2024-10-11,156.4,158.34,156.08,157.21,8760964,157.21
2024-10-14,156.99,157.34,154.4,155.87,5173358,155.87
2024-10-15,156.55,157.74,155.96,156.85,5696583,156.85
2024-10-16,156.4,158.69,155.37,157.03,2127381,157.03
2024-10-17,159.79,161.98,158.98,160.48,5577857,160.48
2024-10-18,159.6,161.58,158.94,160.26,2761935,160.26
2024-10-21,154.3,155.08,153.56,154.32,3407319,154.32
2024-10-22,155.27,157.8,154.96,156.38,7249201,156.38
2024-10-23,155.55,156.68,155.3,155.99,1842808,155.99
2024-10-24,158.29,159.84,157.62,158.73,1761060,158.73
2024-10-25,155.34,157.74,154.78,156.26,9432809,156.26
2024-10-28,155.71,156.24,154.34,155.29,4018142,155.29
2024-10-29,158.39,159.63,157.59,158.61,6333949,158.61
2024-10-30,161.54,161.94,158.28,160.11,9032399,160.11
2024-10-31,159.2,159.63,157.59,158.61,2980949,158.61
2024-11-01,162.18,163.88,161.42,162.65,1596421,162.65
2024-11-04,157.03,158.17,156.75,157.46,1708810,157.46
2024-11-05,156.95,158.09,156.77,157.43,4804004,157.43
2024-11-06,155.25,157.71,154.81,156.26,4252805,156.26
2024-11-07,159.05,159.46,156.7,158.08,6178395,158.08
2024-11-08,157.44,160.18,156.92,158.55,3329526,158.55
2024-11-11,158.07,158.55,156.99,157.77,8792619,157.77
2024-11-12,155.14,158.05,154.71,156.38,2519283,156.38
2024-11-13,156.76,157.24,155.92,156.58,4039254,156.58
2024-11-14,158.4,160.16,157.9,159.03,5492812,159.03
2024-11-15,158.71,161.42,158.08,159.75,6344329,159.75
2024-11-18,164.13,164.59,162.49,163.54,4498948,163.54
2024-11-19,161.93,163.33,160.83,162.08,7516674,162.08
2024-11-20,160.3,162.33,159.43,160.88,7938500,160.88
2024-11-21,163.86,165.64,163.66,164.65,1711840,164.65
2024-11-22,163.15,164.3,162.64,163.47,3063221,163.47
2024-11-25,161.41,162.9,160.5,161.7,2289068,161.7
2024-11-26,158.34,160.19,158.09,159.14,8860802,159.14
2024-11-27,159.69,160.9,159.1,160.0,7182583,160.0
2024-11-29,163.29,164.17,161.25,162.71,2077100,162.71
2024-12-02,161.49,163.71,160.97,162.34,3629289,162.34
2024-12-03,165.28,167.33,164.07,165.7,5234667,165.7
2024-12-04,160.16,161.12,158.52,159.82,4792533,159.82
2024-12-05,162.5,163.81,162.35,163.08,3544560,163.08
2024-12-06,160.64,161.69,158.93,160.31,4413892,160.31
2024-12-09,161.23,163.65,160.29,161.97,3438578,161.97
2024-12-10,162.98,163.48,161.64,162.56,6679983,162.56
2024-12-11,158.01,160.72,157.68,159.2,4669361,159.2
2024-12-12,162.16,163.21,161.11,162.16,5101400,162.16
2024-12-13,163.09,163.82,161.0,162.41,4405344,162.41
2024-12-16,163.08,165.8,162.6,164.2,5214565,164.2
2024-12-17,159.04,161.91,158.69,160.3,3782321,160.3
2024-12-18,163.69,164.59,162.79,163.69,9564680,163.69
2024-12-19,161.88,163.31,160.85,162.08,1575072,162.08
2024-12-20,162.48,164.44,161.18,162.81,2067070,162.81
2024-12-23,165.91,166.87,163.95,165.41,2481497,165.41
2024-12-24,167.98,169.77,166.05,167.91,9734042,167.91
2024-12-26,163.26,165.65,162.73,164.19,4468248,164.19
2024-12-27,165.07,165.72,164.06,164.89,7749171,164.89
2024-12-30,164.02,165.4,162.18,163.79,6823167,163.79
2024-12-31,163.82,164.48,162.84,163.66,8405570,163.66
2025-01-02,167.84,170.73,167.21,168.97,4006728,168.97
2025-01-03,164.71,165.95,163.25,164.6,5124284,164.6
2025-01-06,160.93,162.35,160.55,161.45,4285131,161.45
2025-01-07,165.42,166.92,164.46,165.69,6351869,165.69
2025-01-08,167.06,169.28,166.7,167.99,3018324,167.99
2025-01-09,165.79,166.71,164.63,165.67,7144446,165.67
2025-01-10,168.29,169.39,166.71,168.05,9020929,168.05
2025-01-13,166.51,168.02,165.54,166.78,9413469,166.78
2025-01-14,163.26,163.7,161.6,162.65,5853749,162.65
2025-01-15,166.12,167.02,165.18,166.1,2116681,166.1
2025-01-16,165.4,166.65,163.93,165.29,9346684,165.29
2025-01-17,168.51,169.35,165.71,167.53,3582387,167.53
2025-01-21,167.76,168.16,166.36,167.26,2449828,167.26
2025-01-22,166.36,168.49,165.79,167.14,3936331,167.14
2025-01-23,169.01,170.94,167.72,169.33,6310110,169.33
2025-01-24,163.98,164.42,162.12,163.27,8510711,163.27
2025-01-27,164.82,165.61,162.03,163.82,8570388,163.82
2025-01-28,167.62,168.7,166.8,167.75,6944033,167.75
2025-01-29,163.19,165.34,162.48,163.91,7206495,163.91
2025-01-30,167.27,167.68,165.9,166.79,8125427,166.79
2025-01-31,162.92,165.32,162.12,163.72,5553215,163.72
2025-02-03,167.6,168.33,165.03,166.68,5954468,166.68
2025-02-04,165.79,167.14,165.62,166.38,9257361,166.38
2025-02-05,169.34,170.05,168.43,169.24,4501166,169.24
2025-02-06,165.55,168.67,164.87,166.77,8108248,166.77
2025-02-07,166.5,166.99,164.13,165.56,5071993,165.56
2025-02-10,160.95,163.51,160.53,162.02,2090404,162.02
2025-02-11,164.45,166.68,163.08,164.88,3514588,164.88
2025-02-12,163.03,164.34,162.74,163.54,6067768,163.54
2025-02-13,168.31,169.08,167.62,168.35,3887157,168.35
2025-02-14,166.47,167.1,163.78,165.44,3793271,165.44
2025-02-18,164.88,166.23,164.19,165.21,3734344,165.21
2025-02-19,164.2,166.27,163.31,164.79,7422900,164.79
2025-02-20,169.04,170.3,166.48,168.39,9978697,168.39
2025-02-21,163.93,164.96,161.54,163.25,8893180,163.25
2025-02-24,167.55,167.87,165.99,166.93,4839433,166.93
2025-02-25,166.15,167.89,165.37,166.63,6875221,166.63
2025-02-26,166.71,167.75,164.85,166.3,4370294,166.3
2025-02-27,170.52,171.1,168.22,169.66,4454390,169.66
2025-02-28,166.74,169.62,166.42,168.02,8780560,168.02
2025-03-03,165.01,165.41,163.87,164.64,5193264,164.64
2025-03-04,167.01,168.02,166.34,167.18,6293070,167.18
2025-03-05,162.96,163.47,161.05,162.26,6829269,162.26
2025-03-06,164.04,164.59,162.81,163.7,8598779,163.7
2025-03-07,165.67,166.66,164.68,165.67,6484840,165.67
2025-03-10,167.5,167.9,166.32,167.11,9974865,167.11
2025-03-11,168.34,169.19,166.75,167.97,5643815,167.97
2025-03-12,169.14,170.78,167.14,168.96,2890685,168.96
2025-03-13,168.83,171.94,168.28,170.11,1552885,170.11
2025-03-14,169.94,172.01,168.17,170.09,6707796,170.09
2025-03-17,167.37,167.8,165.64,166.72,2838950,166.72
2025-03-18,166.95,168.44,164.98,166.71,6601727,166.71
2025-03-19,162.72,165.39,162.17,163.78,6957767,163.78
2025-03-20,163.2,165.8,162.78,164.29,3960804,164.29
2025-03-21,163.33,165.5,162.64,164.07,2270894,164.07
2025-03-24,168.74,169.18,166.06,167.62,5124956,167.62
2025-03-25,168.09,168.86,165.38,167.12,5900628,167.12
2025-03-26,165.89,166.49,163.35,164.92,9129111,164.92
2025-03-27,166.55,167.58,165.12,166.35,8317168,166.35
2025-03-28,168.31,171.66,167.9,169.78,7393841,169.78
2025-03-31,162.95,165.02,162.1,163.56,5945699,163.56
2025-04-01,168.42,171.14,168.08,169.61,5159601,169.61
2025-04-02,167.32,168.89,165.69,167.29,6160761,167.29
2025-04-03,165.12,165.86,163.2,164.53,3587582,164.53
2025-04-04,168.55,169.91,168.29,169.1,5204966,169.1
2025-04-07,162.6,164.33,162.27,163.3,8223046,163.3
2025-04-08,167.45,167.87,165.89,166.88,7915589,166.88
2025-04-09,162.89,163.56,160.88,162.22,4508385,162.22
2025-04-10,168.91,169.23,166.77,168.0,6768717,168.0
2025-04-11,169.68,171.5,168.42,169.96,8371151,169.96
2025-04-14,163.35,163.72,161.38,162.55,6107114,162.55
2025-04-15,165.5,166.84,165.24,166.04,7374166,166.04
2025-04-16,164.32,165.91,163.97,164.94,5052488,164.94
2025-04-17,168.33,169.53,167.87,168.7,2181618,168.7
2025-04-21,164.19,165.98,163.6,164.79,9219615,164.79
2025-04-22,165.99,168.12,165.16,166.64,7277298,166.64
2025-04-23,167.8,168.53,165.61,167.07,8647345,167.07
2025-04-24,165.49,166.32,163.72,165.02,7609978,165.02
2025-04-25,163.37,163.92,161.94,162.93,4006542,162.93
2025-04-28,163.65,164.63,162.97,163.8,5849871,163.8
2025-04-29,166.52,167.6,164.34,165.97,8152617,165.97
2025-04-30,161.95,163.13,161.79,162.46,4867202,162.46
2025-05-01,162.88,163.84,161.38,162.61,9684771,162.61
2025-05-02,163.95,164.69,162.05,163.37,2751182,163.37
2025-05-05,165.47,167.55,165.19,166.37,9812962,166.37
2025-05-06,167.41,167.9,166.0,166.95,3209584,166.95
2025-05-07,163.26,165.15,161.83,163.49,9907073,163.49
2025-05-08,167.59,168.44,165.6,167.02,8537740,167.02
2025-05-09,164.15,165.0,161.3,163.15,1838147,163.15
2025-05-12,170.03,171.61,169.45,170.53,6957697,170.53
2025-05-13,162.76,163.4,162.04,162.72,8890603,162.72
2025-05-14,166.37,167.7,164.38,166.04,6373570,166.04
2025-05-15,164.55,165.58,164.06,164.82,6584262,164.82
2025-05-16,163.79,164.24,161.76,163.0,4783272,163.0
2025-05-19,166.57,167.36,163.76,165.56,9912388,165.56
2025-05-20,163.85,164.28,162.56,163.42,8450225,163.42
2025-05-21,163.5,164.98,163.28,164.13,8809123,164.13
2025-05-22,168.18,169.88,167.58,168.73,5942656,168.73
2025-05-23,169.52,170.27,168.73,169.5,2968361,169.5
2025-05-27,165.57,166.41,163.61,165.01,8637740,165.01
2025-05-28,162.48,164.46,162.02,163.24,2220169,163.24
2025-05-29,165.61,166.08,162.7,164.39,5706076,164.39
2025-05-30,166.37,167.58,165.3,166.44,2560357,166.44
2025-06-02,166.84,168.13,164.99,166.56,7483809,166.56
2025-06-03,166.77,166.97,165.55,166.26,9730556,166.26
2025-06-04,165.38,166.39,164.79,165.59,7349867,165.59
2025-06-05,167.98,169.0,167.36,168.18,8708268,168.18
2025-06-06,168.77,169.24,167.28,168.26,6278386,168.26
2025-06-09,170.93,172.76,169.18,170.97,9570679,170.97
2025-06-10,164.18,165.18,162.74,163.96,6227169,163.96
2025-06-11,164.73,165.3,163.76,164.53,6883413,164.53
2025-06-12,168.25,168.69,166.51,167.6,3596150,167.6
2025-06-13,163.17,164.86,161.42,163.14,8597081,163.14
2025-06-16,165.27,166.49,163.35,164.92,2807411,164.92
2025-06-17,163.67,166.79,163.07,164.93,3341446,164.93
2025-06-18,165.62,168.88,165.18,167.03,5663842,167.03
2025-06-20,164.42,165.17,161.59,163.38,3000389,163.38
2025-06-23,169.07,169.58,167.26,168.42,7474308,168.42
2025-06-24,166.7,167.6,166.12,166.86,8440909,166.86
2025-06-25,166.39,166.98,165.2,166.09,3823577,166.09
2025-06-26,167.9,169.34,165.64,167.49,7352291,167.49
2025-06-27,170.59,172.05,168.49,170.27,9806529,170.27
2025-06-30,164.89,166.67,164.65,165.66,7096642,165.66
2025-07-01,167.31,169.59,166.71,168.15,5259691,168.15
2025-07-02,164.79,167.68,164.02,165.85,2941691,165.85
2025-07-03,167.98,170.41,167.71,169.06,7158480,169.06
2025-07-07,164.0,166.62,163.3,164.96,2992171,164.96
2025-07-08,166.02,167.0,165.0,166.0,2257641,166.0
2025-07-09,167.38,168.16,166.12,167.14,2220292,167.14
2025-07-10,170.83,172.06,170.56,171.31,8810008,171.31
2025-07-11,168.4,170.32,167.12,168.72,8657310,168.72
2025-07-14,169.07,170.06,167.3,168.68,4423334,168.68
2025-07-15,166.56,167.13,164.13,165.63,1652151,165.63
2025-07-16,167.03,169.84,166.04,167.94,9047296,167.94
2025-07-17,163.41,164.76,162.72,163.74,5293944,163.74
2025-07-18,169.06,170.4,168.68,169.54,9190172,169.54
2025-07-21,165.87,166.57,163.87,165.22,6705584,165.22
2025-07-22,164.97,166.27,163.39,164.83,8233645,164.83
2025-07-23,167.71,169.05,167.35,168.2,3897771,168.2
2025-07-24,164.46,165.88,163.34,164.61,5507474,164.61
2025-07-25,168.95,170.77,167.73,169.25,4112750,169.25
2025-07-28,169.31,171.33,168.77,170.05,7130971,170.05
2025-07-29,170.95,171.31,169.41,170.36,8117831,170.36
2025-07-30,164.69,165.72,164.16,164.94,2670664,164.94
2025-07-31,166.27,166.5,165.12,165.81,7185353,165.81
2025-08-01,167.33,168.01,165.07,166.54,8108147,166.54
2025-08-04,167.92,171.03,167.41,169.22,1620484,169.22
2025-08-05,169.42,170.19,168.11,169.15,3971493,169.15
2025-08-06,169.19,171.54,168.68,170.11,9313288,170.11
2025-08-07,166.17,167.78,164.86,166.32,7604595,166.32
2025-08-08,164.92,165.8,163.04,164.42,9010138,164.42
2025-08-11,168.21,169.1,165.68,167.39,4886224,167.39
2025-08-12,167.82,170.38,166.88,168.63,7481777,168.63
2025-08-13,168.74,171.3,168.36,169.83,3921043,169.83
2025-08-14,171.69,172.61,170.69,171.65,8229082,171.65
2025-08-15,166.17,168.53,165.21,166.87,4976819,166.87
2025-08-18,166.5,167.31,165.33,166.32,7183889,166.32
2025-08-19,171.24,172.97,170.03,171.5,7768991,171.5
2025-08-20,163.38,165.1,162.98,164.04,5107049,164.04
2025-08-21,166.49,167.95,164.71,166.33,7228765,166.33
2025-08-22,171.07,172.79,170.11,171.45,5214026,171.45
2025-08-25,165.47,166.13,164.01,165.07,1581499,165.07
2025-08-26,171.16,171.63,168.49,170.06,5685355,170.06
2025-08-27,166.8,167.88,164.4,166.14,5673179,166.14
2025-08-28,171.81,173.75,170.47,172.11,8856511,172.11
2025-08-29,165.55,167.1,163.72,165.41,5090124,165.41
2025-09-02,165.9,167.59,164.51,166.05,6947555,166.05
2025-09-03,169.29,170.86,168.1,169.48,3475633,169.48
2025-09-04,169.43,170.37,168.23,169.3,4472846,169.3
2025-09-05,165.3,168.07,164.85,166.46,1817764,166.46
2025-09-08,168.52,169.05,166.75,167.9,1785507,167.9
2025-09-09,169.33,170.09,167.99,169.04,8703494,169.04
2025-09-10,165.93,167.42,165.2,166.31,8559303,166.31
2025-09-11,169.43,170.66,166.82,168.74,8235098,168.74
2025-09-12,169.2,172.01,168.41,170.21,4225132,170.21
2025-09-15,171.37,172.04,170.62,171.33,9320203,171.33
2025-09-16,172.26,173.2,171.66,172.43,4540909,172.43
2025-09-17,165.54,166.66,164.06,165.36,1618927,165.36
2025-09-18,171.77,172.81,171.13,171.97,4458668,171.97
2025-09-19,171.63,172.72,171.3,172.01,4544253,172.01
2025-09-22,164.55,166.1,164.06,165.08,3318894,165.08
2025-09-23,170.6,171.1,167.98,169.54,3637754,169.54
2025-09-24,167.52,170.23,167.15,168.69,7317602,168.69
2025-09-25,166.36,167.32,164.8,166.06,8756372,166.06
2025-09-26,168.77,170.65,168.27,169.46,8871211,169.46
2025-09-29,171.27,171.65,170.23,170.94,7335103,170.94
2025-09-30,170.04,171.57,169.79,170.68,8570724,170.68
2025-10-01,165.55,167.01,164.25,165.63,2100437,165.63
2025-10-02,166.31,167.04,164.96,166.0,3447895,166.0
2025-10-03,165.08,166.07,163.17,164.62,5622296,164.62
2025-10-06,171.61,173.64,170.42,172.03,7074107,172.03
2025-10-07,169.61,170.76,168.94,169.85,5806827,169.85
2025-10-08,165.9,167.32,164.74,166.03,4806675,166.03
2025-10-09,165.39,167.2,163.78,165.49,6061877,165.49
2025-10-10,171.46,172.31,169.81,171.06,2364616,171.06
2025-10-13,165.86,166.88,164.2,165.54,7670932,165.54
2025-10-14,166.94,169.34,166.3,167.82,7830251,167.82
2025-10-15,169.71,169.92,168.28,169.1,9270317,169.1
2025-10-16,172.02,173.24,171.14,172.19,8784192,172.19
2025-10-17,171.66,172.08,168.54,170.31,4956478,170.31
2025-10-20,170.59,171.48,169.86,170.67,8246915,170.67
2025-10-21,169.12,169.54,166.76,168.15,7767035,168.15
2025-10-22,167.09,168.41,166.63,167.52,7132176,167.52
2025-10-23,173.89,174.45,170.73,172.59,4331435,172.59
2025-10-24,167.94,168.34,164.7,166.52,5584239,166.52
2025-10-27,164.3,166.35,163.99,165.17,4914963,165.17
2025-10-28,171.48,173.79,170.29,172.04,3018024,172.04
2025-10-29,165.48,166.44,163.92,165.18,9992372,165.18
2025-10-30,168.3,168.97,166.59,167.78,4803262,167.78
2025-10-31,167.4,168.83,166.49,167.66,9603309,167.66
2025-11-03,170.62,172.56,170.22,171.39,2785207,171.39
2025-11-04,166.1,167.68,164.1,165.89,7771886,165.89
2025-11-05,165.67,166.67,165.03,165.85,1512269,165.85
2025-11-06,170.97,172.64,170.22,171.43,9440261,171.43
2025-11-07,167.24,169.35,165.59,167.47,7974594,167.47
2025-11-10,169.82,170.04,168.02,169.03,9163839,169.03
2025-11-11,167.52,170.46,167.0,168.73,3151525,168.73
2025-11-12,168.33,169.3,167.54,168.42,3124275,168.42
2025-11-13,167.74,169.34,165.52,167.43,7510048,167.43
2025-11-14,172.45,174.47,170.51,172.49,9940599,172.49
2025-11-17,172.15,175.37,171.67,173.52,8725283,173.52
2025-11-18,167.87,170.27,166.69,168.48,8325383,168.48
2025-11-19,172.34,172.78,170.96,171.87,3132626,171.87
2025-11-20,166.1,166.78,164.88,165.83,8217334,165.83
2025-11-21,170.86,171.78,168.92,170.35,3800938,170.35
2025-11-24,167.5,170.29,167.01,168.65,5352165,168.65
2025-11-25,166.55,167.19,164.61,165.9,6994225,165.9
2025-11-26,169.2,169.39,167.93,168.66,2152557,168.66
2025-11-28,168.53,170.21,167.87,169.04,9689458,169.04
2025-12-01,165.82,167.32,164.82,166.07,6765870,166.07
2025-12-02,169.71,171.35,167.93,169.64,6012922,169.64
2025-12-03,170.32,172.64,169.18,170.91,2797223,170.91
2025-12-04,173.59,173.97,171.27,172.62,9507676,172.62
2025-12-05,170.98,171.72,169.34,170.53,3496459,170.53
2025-12-08,173.3,174.8,172.42,173.61,4874107,173.61
2025-12-09,170.01,171.32,168.12,169.72,9757809,169.72
2025-12-10,167.65,168.29,166.89,167.59,9893404,167.59
2025-12-11,173.39,174.78,173.02,173.9,1707771,173.9
2025-12-12,168.56,169.59,166.87,168.23,7296532,168.23
2025-12-15,169.4,170.4,168.08,169.24,3979407,169.24
2025-12-16,172.3,173.43,171.49,172.46,6296432,172.46
2025-12-17,173.84,174.68,172.14,173.41,2146617,173.41
2025-12-18,169.1,169.74,166.54,168.14,9969110,168.14
2025-12-19,170.18,171.51,169.69,170.6,9940577,170.6
2025-12-22,171.49,172.77,170.77,171.77,2546986,171.77
2025-12-23,170.34,171.36,169.66,170.51,9236270,170.51
2025-12-24,169.51,170.28,167.54,168.91,8850382,168.91
2025-12-26,166.72,167.39,165.75,166.57,3177169,166.57
2025-12-29,166.15,167.36,164.84,166.1,7406922,166.1
2025-12-30,170.28,172.38,169.0,170.69,5450668,170.69
2025-12-31,168.85,170.76,167.52,169.14,7405711,169.14
2026-01-02,172.09,173.47,170.71,172.09,4529080,172.09
2026-01-05,175.09,175.59,172.95,174.27,9459671,174.27
2026-01-06,167.46,170.59,166.99,168.79,7950083,168.79
2026-01-07,169.47,169.79,167.13,168.46,8444878,168.46
2026-01-08,169.9,171.28,169.16,170.22,2963545,170.22
2026-01-09,172.74,173.21,170.59,171.9,5387272,171.9
2026-01-12,168.25,169.51,166.99,168.25,5327720,168.25
2026-01-13,168.66,169.04,165.54,167.29,1617279,167.29
2026-01-14,171.84,173.13,170.83,171.98,4911154,171.98
2026-01-15,169.73,172.1,169.24,170.67,2469287,170.67
2026-01-16,173.82,175.47,171.95,173.71,5185323,173.71
2026-01-20,170.57,172.39,170.25,171.32,9856245,171.32
2026-01-21,173.03,173.42,171.54,172.48,7789429,172.48
2026-01-22,167.16,167.5,165.26,166.38,7683355,166.38
2026-01-23,170.46,172.19,168.79,170.49,8891719,170.49
2026-01-26,174.37,175.07,172.39,173.73,4794624,173.73
2026-01-27,173.42,174.51,172.97,173.74,2663859,173.74
2026-01-28,167.46,169.21,165.91,167.56,8918917,167.56
2026-01-29,168.99,171.74,167.86,169.8,5312099,169.8
2026-01-30,169.21,171.03,168.53,169.78,7376017,169.78
2026-02-02,171.94,173.51,169.77,171.64,1755488,171.64
2026-02-03,166.95,169.0,166.56,167.78,9254566,167.78
2026-02-04,173.32,174.55,170.59,172.57,5836299,172.57
2026-02-05,169.3,170.08,166.96,168.52,1764305,168.52
2026-02-06,172.17,174.59,171.71,173.15,4562086,173.15
2026-02-09,166.86,169.55,166.19,167.87,6152970,167.87
2026-02-10,168.94,170.91,167.97,169.44,6910343,169.44
2026-02-11,170.43,172.06,168.6,170.33,9264923,170.33
2026-02-12,171.13,172.38,170.88,171.63,4534807,171.63
2026-02-13,166.13,168.24,165.0,166.62,4911865,166.62
2026-02-17,166.74,167.52,166.1,166.81,5419555,166.81
2026-02-18,169.73,171.71,168.05,169.88,6878436,169.88
2026-02-19,171.52,173.07,171.27,172.17,4855124,172.17
2026-02-20,168.81,170.07,166.25,168.16,8924297,168.16
2026-02-23,170.03,170.87,168.39,169.63,5996216,169.63
2026-02-24,173.33,174.95,170.99,172.97,5433649,172.97
2026-02-25,169.48,170.44,168.62,169.53,4465477,169.53
2026-02-26,175.55,176.46,172.5,174.48,2819347,174.48
2026-02-27,168.63,169.81,167.19,168.5,7921725,168.5
2026-03-02,169.82,171.92,169.08,170.5,7533536,170.5
2026-03-03,170.17,170.43,169.05,169.74,5156951,169.74
2026-03-04,174.03,174.88,171.5,173.19,2708465,173.19
2026-03-05,175.25,175.62,174.14,174.88,6215905,174.88
2026-03-06,170.59,171.49,168.03,169.76,3957024,169.76
2026-03-09,173.53,173.86,171.32,172.59,2110317,172.59
2026-03-10,169.3,169.75,168.21,168.98,5330461,168.98
2026-03-11,169.88,173.1,169.48,171.29,9358081,171.29
2026-03-12,173.96,174.84,171.9,173.37,5574940,173.37
2026-03-13,167.55,168.19,165.81,167.0,3999263,167.0
2026-03-16,172.86,174.85,172.51,173.68,3435205,173.68
2026-03-17,168.43,170.27,166.79,168.53,9496277,168.53
2026-03-18,167.87,168.8,165.22,167.01,4521584,167.01
2026-03-19,171.38,174.24,170.88,172.56,7138965,172.56
2026-03-20,171.68,172.99,170.43,171.71,3934919,171.71
2026-03-23,174.47,175.06,173.16,174.11,4375179,174.11
2026-03-24,173.69,175.76,172.8,174.28,2103940,174.28
2026-03-25,174.89,175.73,173.39,174.56,1584854,174.56
2026-03-26,170.86,172.86,169.92,171.39,7362342,171.39
2026-03-27,174.11,174.74,173.2,173.97,2783809,173.97
2026-03-30,168.8,170.84,168.32,169.58,5281369,169.58
2026-03-31,169.74,171.02,169.08,170.05,1644984,170.05
2026-04-01,171.86,173.33,171.31,172.32,9693537,172.32
2026-04-02,167.88,169.87,166.25,168.06,6963235,168.06
2026-04-06,171.79,172.88,170.9,171.89,6528835,171.89
2026-04-07,170.48,171.3,169.02,170.16,7472454,170.16
2026-04-08,174.18,175.66,172.96,174.31,1774275,174.31
2026-04-09,167.44,168.73,166.91,167.82,4440179,167.82
2026-04-10,168.48,169.11,165.39,167.25,2614393,167.25
2026-04-13,172.18,173.06,170.8,171.93,8732851,171.93
2026-04-14,167.7,168.17,166.69,167.43,1824458,167.43
2026-04-15,172.51,173.23,171.05,172.14,9049897,172.14
2026-04-16,171.39,174.64,170.72,172.68,3499847,172.68
2026-04-17,168.26,170.46,167.22,168.84,3265462,168.84
2026-04-20,173.92,174.19,172.79,173.49,7745351,173.49
2026-04-21,174.82,175.47,173.93,174.7,5571808,174.7
2026-04-22,167.75,169.21,167.29,168.25,8514334,168.25
2026-04-23,173.09,173.46,171.76,172.61,2858468,172.61
2026-04-24,176.23,176.63,174.29,175.46,8701753,175.46
2026-04-27,168.35,169.01,166.03,167.52,4140148,167.52
2026-04-28,173.94,176.52,173.12,174.82,5629214,174.82
2026-04-29,175.68,176.47,173.03,174.75,7641667,174.75
2026-04-30,171.74,172.7,170.82,171.76,9455879,171.76
2026-05-01,172.3,174.05,171.69,172.87,8001056,172.87
2026-05-04,173.29,175.41,171.49,173.45,8438996,173.45
2026-05-05,169.35,169.82,166.18,168.0,3467037,168.0
2026-05-06,167.03,170.14,166.56,168.35,7615683,168.35
2026-05-07,173.54,175.24,171.98,173.61,7503558,173.61
2026-05-08,168.9,171.04,168.66,169.85,5564560,169.85
2026-05-11,173.63,174.3,171.82,173.06,8111663,173.06
2026-05-12,170.08,171.03,169.67,170.35,1859300,170.35
2026-05-13,172.36,173.33,171.17,172.25,6480845,172.25
2026-05-14,173.02,174.44,170.6,172.52,5718293,172.52
2026-05-15,173.49,174.98,172.96,173.97,6733936,173.97
2026-05-18,174.74,176.86,174.24,175.55,5552569,175.55
2026-05-19,172.84,173.51,172.05,172.78,8315404,172.78
2026-05-20,171.9,173.48,170.66,172.07,2088034,172.07
2026-05-21,171.66,173.05,170.91,171.98,4953945,171.98
2026-05-22,174.2,175.89,173.83,174.86,8723688,174.86
2026-05-26,168.75,170.02,168.1,169.06,1995784,169.06
2026-05-27,175.22,177.73,174.25,175.99,2557218,175.99
2026-05-28,174.83,176.01,173.79,174.9,6616597,174.9
2026-05-29,170.08,170.98,169.4,170.19,8414113,170.19
2026-06-01,168.84,169.86,168.16,169.01,6783870,169.01
2026-06-02,173.0,174.04,170.8,172.42,1818458,172.42
2026-06-03,175.14,176.12,174.64,175.38,2600904,175.38
2026-06-04,172.75,173.81,171.01,172.41,4985732,172.41
2026-06-05,168.88,170.62,167.76,169.19,7307789,169.19
2026-06-08,173.01,173.51,171.53,172.52,8115585,172.52
2026-06-09,175.11,176.1,173.42,174.76,9718773,174.76
2026-06-10,168.72,169.8,166.88,168.34,4636693,168.34
2026-06-11,171.06,171.79,168.61,170.2,7017507,170.2
2026-06-12,173.09,173.59,172.09,172.84,2040457,172.84
2026-06-15,169.02,170.22,167.62,168.92,8775724,168.92
2026-06-16,175.85,177.36,173.92,175.64,7927166,175.64
2026-06-17,171.82,173.4,171.2,172.3,3931698,172.3
2026-06-18,171.52,172.22,170.02,171.12,5139498,171.12
2026-06-22,174.0,175.02,171.74,173.38,8734059,173.38
2026-06-23,171.05,172.12,170.5,171.31,3499464,171.31
2026-06-24,175.38,177.49,173.51,175.5,6364197,175.5
2026-06-25,168.24,169.85,167.79,168.82,7604892,168.82
2026-06-26,174.69,175.72,172.86,174.29,3754934,174.29
2026-06-29,174.78,176.36,174.04,175.2,2062902,175.2
2026-06-30,167.87,168.81,167.47,168.14,6039300,168.14
2026-07-01,174.25,175.06,173.58,174.32,1641955,174.32
2026-07-02,172.45,174.12,172.06,173.09,3830489,173.09
2026-07-06,171.43,172.35,169.47,170.91,9417738,170.91
2026-07-07,172.79,175.29,171.87,173.58,1658817,173.58
2026-07-08,174.83,175.73,171.97,173.85,6484786,173.85
2026-07-09,168.08,169.63,167.45,168.54,5742899,168.54
2026-07-10,172.64,175.41,172.23,173.82,3580003,173.82
2026-07-13,168.02,170.26,167.68,168.97,7857923,168.97
2026-07-14,170.3,171.24,168.2,169.72,8479899,169.72
2026-07-15,174.1,175.94,173.7,174.82,9919848,174.82
2026-07-16,167.75,170.03,166.87,168.45,9007858,168.45
2026-07-17,172.49,175.24,171.76,173.5,6502971,173.5
2026-07-20,173.71,174.23,172.49,173.36,3551020,173.36
2026-07-21,171.22,172.55,169.31,170.93,2165809,170.93
2026-07-22,174.92,176.04,174.64,175.34,3855050,175.34
2026-07-23,168.0,169.51,167.73,168.62,5491125,168.62
2026-07-24,174.72,175.2,171.8,173.5,8312716,173.5
2026-07-27,177.87,178.61,174.71,176.66,9966391,176.66
2026-07-28,174.28,176.83,173.13,174.98,7735381,174.98
2026-07-29,169.69,171.36,169.44,170.4,7573283,170.4
2026-07-30,176.39,178.12,174.8,176.46,7263558,176.46
2026-07-31,175.45,176.22,174.3,175.26,9398530,175.26
2026-08-03,174.03,175.3,173.22,174.26,9750589,174.26
2026-08-04,173.19,174.18,172.32,173.25,8123477,173.25
2026-08-05,177.35,178.06,174.34,176.2,8213831,176.2
2026-08-06,168.14,170.48,167.66,169.07,7146487,169.07
